scenario_id,protocol_id,run_id,alternative_id,q_latent,q_acc_pred,q_acc_weight,q_acc_contribution,q_time_pred,q_time_weight,q_time_contribution,q_effort_pred,q_effort_weight,q_effort_contribution,q_res_pred,q_res_weight,q_res_contribution,q_rep_pred,q_rep_weight,q_rep_contribution,q_fit_pred,q_fit_weight,q_fit_contribution,q_pred
scn_0000,prt_0000_00,extended_run_001,alt_000,0.978029444383,0.7975830928827425,0.1666666667,0.13293051550704318,0.9846888593891445,0.1666666667,0.1641148099310137,0.9125964380050173,0.1666666667,0.15209940636458943,0.538330413053751,0.1666666667,0.08972173552690284,0.9912117777532,0.1666666666,0.1652019628927859,0.89481030553405,0.1666666666,0.14913505086268766,0.8532034810850228
scn_0001,prt_0001_00,extended_run_001,alt_001,0.97771682386405,0.7803859378966151,0.1666666667,0.13006432300878204,0.904340026079691,0.1666666667,0.15072333771009316,0.7661480295855434,0.1666666667,0.1276913382897955,0.5284066660428264,0.1666666667,0.08806777769141795,0.99108672954562,0.1666666666,0.16518112152486425,0.8703258883524175,0.1666666666,0.1450543146673812,0.806782212892334
scn_0002,prt_0002_00,extended_run_001,alt_002,0.977645227622,0.7615810947646533,0.1666666667,0.12693018248616159,0.8262176279484583,0.1666666667,0.1377029380189503,0.6308565604387703,0.1666666667,0.10514276009415692,0.5145278105789733,0.1666666667,0.08575463511364648,0.9910580910488,0.1666666666,0.1651763484420628,0.8459258296677,0.1666666666,0.14098763822155497,0.7616945023765329
scn_0003,prt_0003_00,extended_run_001,alt_003,0.9776207855121,0.7433534088877933,0.1666666667,0.12389223483941067,0.8507509291851507,0.1666666667,0.14179182155921682,0.8636566672917747,0.1666666667,0.143942777910751,0.5067320789652141,0.1666666667,0.08445534651109342,0.99104831420484,0.1666666666,0.16517471896807012,0.821542274929235,0.1666666666,0.13692371243343637,0.7961806122219783
scn_0004,prt_0004_00,extended_run_001,alt_004,0.920768576102,0.7058344829504674,0.1666666667,0.11763908051527237,0.7271916722075578,0.1666666667,0.12119861205883267,0.6868007736489611,0.1666666667,0.11446679563105354,0.4744991667209727,0.1666666667,0.07908319446931208,0.9683074304408,0.1666666666,0.1613845716755795,0.7772690016357,0.1666666666,0.12954483355413207,0.7233170879041823
scn_0005,prt_0005_00,extended_run_001,alt_005,0.89506973710415,0.7445508974925201,0.1666666667,0.12409181627357171,0.7310408980415064,0.1666666667,0.12184014969795243,0.7925420161027079,0.1666666667,0.13209033604353604,0.49499408663950234,0.1666666667,0.08249901445641686,0.9580278948416601,0.1666666666,0.15967131574307483,0.8657744079864527,0.1666666666,0.14429573460669048,0.7644883668212423
scn_0006,prt_0006_00,extended_run_001,alt_006,0.6928590388429501,0.6529186645567278,0.1666666667,0.10881977744788525,0.5094165887798972,0.1666666667,0.08490276481363007,0.534014737120087,0.1666666667,0.08900245620448165,0.4064565078015693,0.1666666667,0.06774275131381009,0.87714361553718,0.1666666666,0.14619060253105376,0.7706256635950326,0.1666666666,0.12843761054779707,0.6250959628586579
scn_0007,prt_0007_00,extended_run_001,alt_007,0.97597452425725,0.6923878649618151,0.1666666667,0.11539797751671545,0.8938546658898695,0.1666666667,0.14897577767810674,0.7698195538037642,0.1666666667,0.1283032589929547,0.4960002166557266,0.1666666667,0.08266670279248776,0.9603898097029,0.1666666666,0.1600649682197907,0.8453410834900374,0.1666666666,0.14089018052531685,0.7762988657253722
scn_0008,prt_0008_00,extended_run_001,alt_008,0.9774006825701,0.7081036723204875,0.1666666667,0.11801727874368471,0.8128585196554104,0.1666666667,0.1354764199696637,0.6236170343568139,0.1666666667,0.10393617241358954,0.5066795653189917,0.1666666667,0.08444659423672127,0.9609602730280401,0.1666666666,0.16016004544060936,0.821465238899535,0.1666666666,0.13691087309515818,0.7389473838994267
scn_0009,prt_0009_00,extended_run_001,alt_009,0.9767251614998,0.6911316966487455,0.1666666667,0.11518861613116198,0.8633358943511795,0.1666666667,0.14388931575397446,0.8817885264345215,0.1666666667,0.14696475443514653,0.5009682960684971,0.1666666667,0.08349471602811513,0.9606900645999201,0.1666666666,0.16011501070260736,0.79685380652493,0.1666666666,0.13280896770103143,0.782461380752037
scn_0010,prt_0010_00,extended_run_001,alt_010,0.9775198828789,0.739871477120036,0.1666666667,0.12331191287800171,0.791794683612117,0.1666666667,0.13196578062841266,0.6422794735947213,0.1666666667,0.10704657895386285,0.5330870503528682,0.1666666667,0.0888478417432476,0.9610079531515601,0.1666666666,0.16016799212785948,0.894631959007615,0.1666666666,0.14910532644162705,0.7604454327730115
scn_0011,prt_0011_00,extended_run_001,alt_011,0.78166235911085,0.6079511510486172,0.1666666667,0.10132519186170123,0.7549568000384008,0.1666666667,0.1258261333648987,0.8156919503221012,0.1666666667,0.13594865841420659,0.4325880036159871,0.1666666667,0.07209800061708412,0.8326649436443401,0.1666666666,0.13877749055187902,0.7150401590221308,0.1666666666,0.11917335978935246,0.6931488345991221
scn_0012,prt_0012_00,extended_run_001,alt_000,0.51245080966,0.49715379346258526,0.1666666667,0.08285896559366933,0.5033360467284564,0.1666666667,0.08388934113818727,0.5378350425237708,0.1666666667,0.08963917377188962,0.32384656438248904,0.1666666667,0.05397442740787639,0.724980323864,0.1666666666,0.12083005392900133,0.5964411167143333,0.1666666666,0.09940685274595948,0.5305988145865834
scn_0013,prt_0013_00,extended_run_001,alt_001,0.26670150874700005,0.3444662037576464,0.1666666667,0.05741103397108994,0.22994354565086017,0.1666666667,0.03832392428280815,0.2647588273056715,0.1666666667,0.04412647122643721,0.19907770435993988,0.1666666667,0.033179617399959234,0.5766856034988,0.1666666666,0.09611426721135431,0.4318871947281167,0.1666666666,0.07198119909256032,0.3411365131842091
scn_0014,prt_0014_00,extended_run_001,alt_002,0.43448387103885,0.29700263487484335,0.1666666667,0.04950043915570731,0.5962957942025711,0.1666666667,0.0993826323869717,0.46605711633033325,0.1666666667,0.07767618607059078,0.24343993916328943,0.1666666667,0.040573323201996234,0.6137985484155399,0.1666666666,0.10229975802833675,0.43373602153026414,0.1666666666,0.07228933689279496,0.44172167573639776
scn_0015,prt_0015_00,extended_run_001,alt_003,0.62874412799435,0.41242902942440274,0.1666666667,0.06873817158448142,0.7405786127434189,0.1666666667,0.12342976881525576,0.6931666001410524,0.1666666667,0.11552776671328094,0.48580870588659214,0.1666666667,0.08096811766395898,0.69150265119774,0.1666666666,0.11525044182018983,0.5992271114646892,0.1666666666,0.09987118520416641,0.6037854518013333
scn_0016,prt_0016_00,extended_run_001,alt_004,0.74266368622515,0.4674292679875972,0.1666666667,0.07790487801351384,0.6885936657526999,0.1666666667,0.11476561098173643,0.5922503295792894,0.1666666667,0.09870838828295657,0.5408197978515779,0.1666666667,0.0901366329932903,0.73707047449006,0.1666666666,0.12284507903253865,0.6147239568454692,0.1666666666,0.10245399276659661,0.6068145820706323
scn_0017,prt_0017_00,extended_run_001,alt_005,0.6946221455930499,0.49943334520518456,0.1666666667,0.08323889088417853,0.7172423588857559,0.1666666667,0.11954039317153406,0.8094166002581348,0.1666666667,0.13490276673666968,0.5132441259449071,0.1666666667,0.08554068767459265,0.71785385823722,0.1666666666,0.11964230965834642,0.6060344176242342,0.1666666666,0.1010057362303034,0.6438707843556247
scn_0018,prt_0018_00,extended_run_001,alt_006,0.58506590082,0.4360769655944059,0.1666666667,0.07267949428027021,0.6039737204906337,0.1666666667,0.1006622867685714,0.6081118476648177,0.1666666667,0.10135197463107334,0.41301757786484605,0.1666666667,0.0688362629912416,0.6740313603279999,0.1666666666,0.11233856000973123,0.5433147319536666,0.1666666666,0.09055245528939013,0.5464210339702779
scn_0019,prt_0019_00,extended_run_001,alt_007,0.188196606878,0.2891478894169778,0.1666666667,0.04819131491246789,0.3191464423737085,0.1666666667,0.053191073739589624,0.27825033174979363,0.1666666667,0.046375055300907284,0.3445355734031548,0.1666666667,0.05742259557867699,0.5152836427512,0.1666666666,0.08588060709084776,0.38003547907396673,0.1666666666,0.0633392464869921,0.3543998931094816
scn_0020,prt_0020_00,extended_run_001,alt_008,0.391632298979,0.40832784726327614,0.1666666667,0.06805464122415696,0.3918786392614849,0.1666666667,0.06531310655664344,0.4528926899217734,0.1666666667,0.07548211500205865,0.4575433440529713,0.1666666667,0.07625722402408,0.5966579195916,0.1666666666,0.0994429865588228,0.5487379713093167,0.1666666666,0.09145632851497025,0.4760064018807321
scn_0021,prt_0021_00,extended_run_001,alt_009,0.5193525427881001,0.3975089632423263,0.1666666667,0.06625149388697135,0.7444249469951911,0.1666666667,0.12407082452401268,0.6431693001335214,0.1666666667,0.10719488337702586,0.4928967598502926,0.1666666667,0.08214945999147866,0.5727460171152401,0.1666666666,0.09545766948102362,0.5690650566425017,0.1666666666,0.09484417606914596,0.5699685073296581
scn_0022,prt_0022_00,extended_run_001,alt_010,0.28137022446890003,0.24734570911587656,0.1666666667,0.04122428486089095,0.5821165198479143,0.1666666667,0.09701941999405628,0.4249574191415171,0.1666666667,0.07082623653775143,0.37134239729075197,0.1666666667,0.06189039956083674,0.42755308978756007,0.1666666666,0.07125884826942315,0.37472957856411504,0.1666666666,0.06245492973570387,0.4046741189586624
scn_0023,prt_0023_00,extended_run_001,alt_011,0.22596732002785003,0.205832842812938,0.1666666667,0.034305473809017425,0.6245319494358308,0.1666666667,0.10408865826012285,0.6655269209206497,0.1666666667,0.11092115350895917,0.3344435444972764,0.1666666667,0.05574059076069419,0.40539192801114005,0.1666666666,0.06756532130816388,0.3309635620097475,0.1666666666,0.055160593646227024,0.4277817912931846
scn_0024,prt_0024_00,extended_run_001,alt_000,0.22496325093214997,0.22182862335283415,0.1666666667,0.036971437232866645,0.502947526645139,0.1666666667,0.08382458779095474,0.5063577888406399,0.1666666667,0.0843929648236519,0.35162850507325966,0.1666666667,0.05860475085726422,0.40499030037286005,0.1666666666,0.06749838336847733,0.3062371378262525,0.1666666666,0.051039522950626276,0.38233164702384115
scn_0025,prt_0025_00,extended_run_001,alt_001,0.39839323045325,0.3739820097426525,0.1666666667,0.06233033496957482,0.5694599685458632,0.1666666667,0.09490999477662587,0.5637360526366086,0.1666666667,0.09395600879155931,0.36097008664614044,0.1666666667,0.06016168111972241,0.47436229218130005,0.1666666666,0.07906038199859253,0.4644376306586375,0.1666666666,0.07740627174547708,0.4678246734015521
scn_0026,prt_0026_00,extended_run_001,alt_002,0.011429015822349953,0.1807527804770414,0.1666666667,0.030125463418865326,0.2455863348549596,0.1666666667,0.04093105581734614,0.24863845509101437,0.1666666667,0.04143974252345701,0.18229440513120515,0.1666666667,0.030382400861277338,0.22456660632894002,0.1666666666,0.0374277677065189,0.2504584888711559,0.1666666666,0.04174308146182876,0.22204951178929347
scn_0027,prt_0027_00,extended_run_001,alt_003,0.01094074916804999,0.16398503619866583,0.1666666667,0.027330839371910474,0.0630734668876822,0.1666666667,0.010512244483382815,0.050934195590482775,0.1666666667,0.008489032600111602,0.17885015806676785,0.1666666667,0.02980835968375631,0.22437129966722003,0.1666666666,0.037395216596245257,0.2259125955421509,0.1666666666,0.03765209924196431,0.15118779197737076
scn_0028,prt_0028_00,extended_run_001,alt_004,0.01181561333819997,0.07484804231971605,0.1666666667,0.012474673722447609,0.5517799202903474,0.1666666667,0.0919633200667839,0.5939756999324878,0.1666666667,0.09899595000854715,0.15582071580267026,0.1666666667,0.025970119305639066,0.14972124533527997,0.1666666666,0.024953540879231916,0.1693437980017034,0.1666666666,0.02822396632232765,0.28258157030497727
scn_0029,prt_0029_00,extended_run_001,alt_005,0.0111829686446,0.055657706300939525,0.1666666667,0.009276284385345177,0.45936375090042003,0.1666666667,0.07656062516538213,0.4473423581390414,0.1666666667,0.07455705970475164,0.14407305750425198,0.1666666667,0.024012176255511098,0.14946818745784,0.1666666666,0.02491136456634212,0.1447473723589434,0.1666666666,0.024124562050174075,0.23344207212750626
scn_0030,prt_0030_00,extended_run_001,alt_006,0.012190610404199997,0.10257234402084786,0.1666666667,0.017095390673560387,0.5551862559188311,0.1666666667,0.09253104267164472,0.6269912674020207,0.1666666667,0.10449854458790316,0.18289565724286297,0.1666666667,0.030482609546573683,0.14987124416168,0.1666666666,0.024978540683621916,0.2426000469748034,0.1666666666,0.0404333411462939,0.31001946930959773
scn_0031,prt_0031_00,extended_run_001,alt_007,0.011620022082149961,0.08119137464532002,0.1666666667,0.013531895776926381,0.43370598809671207,0.1666666667,0.07228433136390887,0.46661838749917256,0.1666666667,0.07776973126541603,0.16890422838746905,0.1666666667,0.02815070473687498,0.14964300883285997,0.1666666666,0.02494050146216713,0.21802534106208585,0.1666666666,0.03633755682914595,0.25301472143443937
scn_0032,prt_0032_00,extended_run_001,alt_008,0.011326366912849994,0.09598919684426932,0.1666666667,0.015998199477244526,0.3120382063782536,0.1666666667,0.0520063677401102,0.30637800202844023,0.1666666667,0.05106300034828597,0.179142834805733,0.1666666667,0.029857139140260263,0.14952554676514,0.1666666666,0.024920924450888296,0.1935475617528309,0.1666666666,0.03225792694590198,0.20610355810269124
scn_0033,prt_0033_00,extended_run_001,alt_009,0.01071998484504999,0.0486807503349069,0.1666666667,0.008113458390773843,0.10832492224727418,0.1666666667,0.01805415371148986,0.1099972255869326,0.1666666667,0.01833287093482201,0.1720890770885125,0.1666666667,0.02868151285382172,0.09928299393802,0.1666666666,0.0165471656497178,0.08229366136243417,0.1666666666,0.013715610221586119,0.10344477176221134
scn_0034,prt_0034_00,extended_run_001,alt_010,0.010753329268950007,0.08219915167621467,0.1666666667,0.013699858615442416,0.10581763864523182,0.1666666667,0.01763627311106589,0.3032275092577963,0.1666666667,0.050537918219740297,0.1659238437547155,0.1666666667,0.027653973964650042,0.09929633170758,0.1666666666,0.016549388611310244,0.09043033191079919,0.1666666666,0.01507172197910451,0.1411491345013134
scn_0035,prt_0035_00,extended_run_001,alt_011,0.5061068220198,0.5737145535592768,0.1666666667,0.09561909227900328,0.6781341721792458,0.1666666667,0.11302236205247876,0.5226558874273992,0.1666666667,0.08710931458865506,0.43350968054885325,0.1666666667,0.07225161343925919,0.5524377288079201,0.1666666666,0.09207295476449084,0.42630405437359664,0.1666666666,0.0710506757005125,0.5311260128243996
scn_0036,prt_0036_00,extended_run_001,alt_000,0.5340352247398,0.5582407627403376,0.1666666667,0.09304012714199762,0.7713305739165208,0.1666666667,0.1285550956784645,0.7681674390092863,0.1666666667,0.1280279065271533,0.38693116397876237,0.1666666667,0.06448852734269143,0.5636090898959201,0.1666666666,0.09393484827841275,0.41170399532559665,0.1666666666,0.06861733252681917,0.5766638374955388
scn_0037,prt_0037_00,extended_run_001,alt_001,0.43864927358625005,0.5061179233735225,0.1666666667,0.084352987245791,0.661768802862399,0.1666666667,0.11029480049912546,0.6046580103473722,0.1666666667,0.10077633507805063,0.33685247753407566,0.1666666667,0.05614207960024102,0.5254547094345001,0.1666666666,0.08757578487071971,0.3539439124218542,0.1666666666,0.05899065204671278,0.4981326393406406
scn_0038,prt_0038_00,extended_run_001,alt_002,0.013892935235050086,0.34587533587100616,0.1666666667,0.057645889323363536,0.42675260299662815,0.1666666667,0.07112543384699645,0.3055100456892645,0.1666666667,0.05091834095839441,0.2558600518772052,0.1666666667,0.04264334198806286,0.35555217409402007,0.1666666666,0.059258695658633204,0.18090419399893423,0.1666666666,0.030150698987762094,0.3117424007632125
scn_0039,prt_0039_00,extended_run_001,alt_003,0.011257943601599985,0.27666135814266946,0.1666666667,0.04611022636633362,0.28439744783729975,0.1666666667,0.04739957464902987,0.14507830045931305,0.1666666667,0.024179716748054785,0.23129534426018092,0.1666666667,0.03854922405107333,0.30450317744064,0.1666666666,0.05075052955313979,0.10144028026056001,0.1666666666,0.016906713369997318,0.22389598473762873
scn_0040,prt_0040_00,extended_run_001,alt_004,0.012058816707450015,0.35969560512330956,0.1666666667,0.05994926753254144,0.296457127236303,0.1666666667,0.04940952121593241,0.25882064433917157,0.1666666667,0.043136774065155946,0.4056725450573514,0.1666666667,0.06761209085641431,0.30482352668298,0.1666666666,0.05080392109350844,0.19922058584760755,0.1666666666,0.03320343096131989,0.30411500572487243
scn_0041,prt_0041_00,extended_run_001,alt_005,0.011307149924299986,0.3422069321566291,0.1666666667,0.05703448870417842,0.1316149252455364,0.1666666667,0.02193582087864323,0.060126624342220235,0.1666666667,0.010021104059040926,0.3972792511315411,0.1666666667,0.06621320853516616,0.30452285996972,0.1666666666,0.050753809974651815,0.174582502473505,0.1666666666,0.029097083733945338,0.2350555158856259
scn_0042,prt_0042_00,extended_run_001,alt_006,0.20905971247899996,0.3551815217269881,0.1666666667,0.059196920299670726,0.6382108022291683,0.1666666667,0.1063684670594684,0.6630065478969177,0.1666666667,0.11050109133825317,0.45718579297960377,0.1666666667,0.07619763217850682,0.3086238849916,0.1666666666,0.05143731414469174,0.21942089936765,0.1666666666,0.03657014987998027,0.44027157490057117
scn_0043,prt_0043_00,extended_run_001,alt_007,0.013323310056199966,0.2681159041881899,0.1666666667,0.04468598404030218,0.495529512780145,0.1666666667,0.08258825214654182,0.45754298178826497,0.1666666667,0.07625716364662892,0.36617439196687074,0.1666666667,0.0610290653400176,0.23032932402247996,0.1666666666,0.03838822065505804,0.12653815851967,0.1666666666,0.021089693078175792,0.3240383789067244
scn_0044,prt_0044_00,extended_run_001,alt_008,0.013765309478899979,0.3843547720434235,0.1666666667,0.06405912868671573,0.4277142671454776,0.1666666667,0.07128571120517008,0.3227891313027988,0.1666666667,0.053798188561226104,0.38778177242831513,0.1666666667,0.06463029541764524,0.38050612379156,0.1666666666,0.06341768727322626,0.36231785831761504,0.1666666666,0.06038630969544799,0.37757732083943146
scn_0045,prt_0045_00,extended_run_001,alt_009,0.45553626808615,0.5888307240593804,0.1666666667,0.09813845402952442,0.616364043130667,0.1666666667,0.10272734054232328,0.6099526863664398,0.1666666667,0.10165878108140505,0.6078910045132552,0.1666666667,0.10131516743913889,0.55721450723446,0.1666666666,0.09286908450192903,0.6144376938301526,0.1666666666,0.10240628226406293,0.5991151098583836
scn_0046,prt_0046_00,extended_run_001,alt_010,0.30743213997234997,0.5151456113680949,0.1666666667,0.085857601911854,0.46640385340499546,0.1666666667,0.07773397558304604,0.4048131865021828,0.1666666667,0.06746886443052423,0.532016416603541,0.1666666667,0.08866940278499072,0.49797285598894,0.1666666666,0.08299547596495847,0.5382262489903226,0.1666666666,0.08970437479583869,0.4924296954712122
scn_0047,prt_0047_00,extended_run_001,alt_011,0.010802936222500004,0.3898877558893903,0.1666666667,0.06498129266122797,0.21637426427359566,0.1666666667,0.03606237738614508,0.11705858172748597,0.1666666667,0.019509763625149612,0.40084982878302655,0.1666666667,0.06680830481053275,0.379321174489,0.1666666666,0.0632201957228786,0.410031027677875,0.1666666666,0.06833850458564378,0.3189204387915778
scn_0048,prt_0048_00,extended_run_001,alt_000,0.011527249537099937,0.4059488309561279,0.1666666667,0.0676581385062196,0.18505385004599179,0.1666666667,0.030842308347167093,0.3123086706688051,0.1666666667,0.0520514451218778,0.4211290538405013,0.1666666667,0.07018817565412118,0.37961089981484,0.1666666666,0.06326848327716594,0.385909537337985,0.1666666666,0.0643182561972702,0.3483268071038218
scn_0049,prt_0049_00,extended_run_001,alt_001,0.1824909003315,0.34094505715561396,0.1666666667,0.05682417620396716,0.5429525719016162,0.1666666667,0.09049209533503444,0.5140386289044909,0.1666666667,0.08567310483454978,0.4667035621955921,0.1666666667,0.07778392704815547,0.3729963601326,0.1666666666,0.06216605999723358,0.388871815116025,0.1666666666,0.06481196916007938,0.43775133257901977
scn_0050,prt_0050_00,extended_run_001,alt_002,0.557746351288,0.5629606814003307,0.1666666667,0.09382678025215381,0.6957206207342361,0.1666666667,0.11595343681223004,0.6457271723080884,0.1666666667,0.10762119540620564,0.5570478269464327,0.1666666667,0.09284130450964038,0.5230985405152,0.1666666666,0.08718309005099344,0.6177112229508,0.1666666666,0.10295187045061927,0.6003776774818426
scn_0051,prt_0051_00,extended_run_001,alt_003,0.62540985322,0.6603059014774354,0.1666666667,0.11005098360158276,0.6344740397663544,0.1666666667,0.10574567331554154,0.5341261596150038,0.1666666667,0.08902102662030482,0.5942719117222267,0.1666666667,0.09904531864018018,0.550163941288,0.1666666666,0.09169399017798907,0.649518448627,0.1666666666,0.10825307472786545,0.6038100670834639
scn_0052,prt_0052_00,extended_run_001,alt_004,0.9774558617981,0.904621975040695,0.1666666667,0.15077032920360323,0.857075298070759,0.1666666667,0.14284588304036233,0.871524382775636,0.1666666667,0.14525406382499015,0.7584090979417519,0.1666666667,0.12640151634890562,0.93098234471924,0.1666666666,0.15516372405780787,0.910859551629335,0.1666666666,0.15180992521083186,0.8722454416865011
scn_0053,prt_0053_00,extended_run_001,alt_005,0.9762859816717999,0.884381192385272,0.1666666667,0.1473968654270247,0.7560321935433592,0.1666666667,0.12600536561576092,0.7109744251789439,0.1666666667,0.11849573755352313,0.7451692592824682,0.1666666667,0.12419487657191701,0.93051439266872,0.1666666666,0.15508573204941906,0.88607509358513,0.1666666666,0.14767918220511667,0.8188577594227615
scn_0054,prt_0054_00,extended_run_001,alt_006,0.36050550156710004,0.6411607422198495,0.1666666667,0.10686012372468028,0.45151034042939153,0.1666666667,0.07525172341994893,0.318276333489857,0.1666666667,0.05304605559225204,0.43744270453216183,0.1666666667,0.0729071174366084,0.68420220062684,0.1666666666,0.11403370005885986,0.646176925548485,0.1666666666,0.1076961542150024,0.529794874447352
scn_0055,prt_0055_00,extended_run_001,alt_007,0.5776571637027,0.7170331389977368,0.1666666667,0.11950552319019056,0.5192293451629518,0.1666666667,0.08653822421113294,0.4970334826722168,0.1666666667,0.08283891379527059,0.5427554094524643,0.1666666667,0.09045923492683589,0.72106286548108,0.1666666666,0.12017714419877581,0.7330133406292784,0.1666666666,0.12216889005601218,0.621687930378218
scn_0056,prt_0056_00,extended_run_001,alt_008,0.977435121304,0.8342137607788661,0.1666666667,0.1390356268242848,0.932120931953516,0.1666666667,0.15535348868999002,0.7677130864112718,0.1666666667,0.12795218109413573,0.7026222552789131,0.1666666667,0.11710370923657291,0.8509740485216,0.1666666666,0.14182900803020174,0.8485606257897332,0.1666666666,0.14142677090838485,0.82270078478357
scn_0057,prt_0057_00,extended_run_001,alt_009,0.9052420863260999,0.8025386120697966,0.1666666667,0.13375643537171739,0.8276366537715838,0.1666666667,0.13793944232285185,0.5888467350113495,0.1666666667,0.09814112252151981,0.7705691903855252,0.1666666667,0.12842819842327316,0.82209683453044,0.1666666666,0.13701613903360021,0.7989180635474682,0.1666666666,0.1331530105379835,0.7684343482109459
scn_0058,prt_0058_00,extended_run_001,alt_010,0.9776846360228499,0.8097164013094358,0.1666666667,0.13495273357856316,0.9012968866940998,0.1666666667,0.1502161478123932,0.8681596694585568,0.1666666667,0.14469327827203146,0.7892823419562576,0.1666666667,0.131547057019019,0.8510738544091401,0.1666666666,0.1418456423447851,0.7998979559413308,0.1666666666,0.1333163259368953,0.8365711849636872
scn_0059,prt_0059_00,extended_run_001,alt_011,0.790063583337,0.7257769464709372,0.1666666667,0.12096282443601541,0.7412153802177934,0.1666666667,0.12353589672767275,0.651430934048697,0.1666666667,0.10857182236316386,0.7011740179351149,0.1666666667,0.11686233634589162,0.7760254333348,0.1666666666,0.12933757217073166,0.7098555875012833,0.1666666666,0.11830926453622352,0.7175797165796988
scn_0060,prt_0060_00,extended_run_001,alt_000,0.9779106210380499,0.8400690936232532,0.1666666667,0.14001151563187783,0.8558737809195904,0.1666666667,0.1426456301817942,0.8613970037891372,0.1666666667,0.14356616732690275,0.8139143396134365,0.1666666667,0.13565238996270323,0.85116424841522,0.1666666666,0.14186070801245906,0.8731020506966508,0.1666666666,0.14551700839123502,0.8492534195069721
scn_0061,prt_0061_00,extended_run_001,alt_001,0.6467405791912,0.7051553650941351,0.1666666667,0.11752589420586103,0.600804668616364,0.1666666667,0.10013411145608747,0.5628858680024638,0.1666666667,0.09381431135250681,0.6687135972723488,0.1666666667,0.11145226623434858,0.71869623167648,0.1666666666,0.11978270523150027,0.7328175360502532,0.1666666666,0.12213625595952105,0.6648455444398251
scn_0062,prt_0062_00,extended_run_001,alt_002,0.36096581141765,0.5835351747479165,0.1666666667,0.09725586247743725,0.3592301969510745,0.1666666667,0.05987169950382009,0.2780283429169251,0.1666666667,0.046338057162088456,0.5401119583306082,0.1666666667,0.09001865973977176,0.60438632456706,0.1666666666,0.10073105405421759,0.6084213673295108,0.1666666666,0.10140356118102371,0.49561889411835885
scn_0063,prt_0063_00,extended_run_001,alt_003,0.6788342443238,0.5670313325850049,0.1666666667,0.09450522211640186,0.7469824682612146,0.1666666667,0.12449707806843519,0.5257724614549566,0.1666666667,0.08762874359335185,0.6519656353222563,0.1666666667,0.10866093924210823,0.65653369772952,0.1666666666,0.1094222829111511,0.6628003188466633,0.1666666666,0.11046671976359054,0.6351809856950388
scn_0064,prt_0064_00,extended_run_001,alt_004,0.6768780220378,0.5814103248716951,0.1666666667,0.09690172083132952,0.8016752802505872,0.1666666667,0.13361254673515371,0.7705108064987837,0.1666666667,0.12841846777548097,0.6600016257763204,0.1666666667,0.11000027098472011,0.65575120881512,0.1666666666,0.10929186809213659,0.6377406410465634,0.1666666666,0.10629010679857787,0.6845149812173988
scn_0065,prt_0065_00,extended_run_001,alt_005,0.730843059708,0.6035598410114931,0.1666666667,0.1005933068553675,0.7413346166039259,0.1666666667,0.1235557694586988,0.5727090858620068,0.1666666667,0.09545151432942475,0.8245463895261964,0.1666666667,0.13742439828185093,0.5823422238832,0.1666666666,0.09705703727504386,0.6999617375644667,0.1666666666,0.11666028954741367,0.6707423157477995
scn_0066,prt_0066_00,extended_run_001,alt_006,0.792531102972,0.5627126440902184,0.1666666667,0.09378544070046015,0.778222197747203,0.1666666667,0.12970369965047457,0.8246812864273592,0.1666666667,0.1374468810987159,0.8340075283154362,0.1666666667,0.13900125474703962,0.5570174411888,0.1666666666,0.09283624016099885,0.6105108860402,0.1666666666,0.10175181429933261,0.6945253306570216
scn_0067,prt_0067_00,extended_run_001,alt_007,0.76383977609585,0.5341186869105318,0.1666666667,0.08901978116955925,0.659496482634523,0.1666666667,0.10991608046107038,0.6556503379236973,0.1666666667,0.10927505634247123,0.8094130876462673,0.1666666667,0.1349021813013583,0.54554091043834,0.1666666666,0.09092348503668728,0.5760939216335474,0.1666666666,0.09601565356718499,0.6300522378783314
scn_0068,prt_0068_00,extended_run_001,alt_008,0.011747397597449971,0.34124847096015776,0.1666666667,0.05687474517140124,0.2885953430028598,0.1666666667,0.048099223843429816,0.23132506437401426,0.1666666667,0.03855417740337988,0.5036759650607077,0.1666666667,0.0839459941935738,0.24470395903897998,0.1666666666,0.04078399315684974,0.3209865891591075,0.1666666666,0.053497764838452144,0.3217558986070866
scn_0069,prt_0069_00,extended_run_001,alt_009,0.011614220449299939,0.32410067219887523,0.1666666667,0.054016778710615894,0.11963561981225307,0.1666666667,0.019939269972696697,0.034841050054388,0.1666666667,0.005806841676892702,0.5054068039957839,0.1666666667,0.08423446734947754,0.24465068817971997,0.1666666666,0.04077511468030995,0.296564977157255,0.1666666666,0.04942749617310484,0.2541999685630976
scn_0070,prt_0070_00,extended_run_001,alt_010,0.97696782000715,0.9291105930647074,0.1666666667,0.15485176554175492,0.9178906221842855,0.1666666667,0.15298177039464395,0.7876570568459761,0.1666666667,0.13127617616725124,0.9607227870808877,0.1666666667,0.16012046454550535,0.8407921280028601,0.1666666666,0.1401320212777572,0.7644387370025025,0.1666666666,0.12740645611612117,0.8667686540430339
scn_0071,prt_0071_00,extended_run_001,alt_011,0.86378180990365,0.8677443266003051,0.1666666667,0.144624054462309,0.8095235967944197,0.1666666667,0.13492059949272073,0.6074912286238583,0.1666666667,0.10124853812422609,0.9032582505212986,0.1666666667,0.15054304178365838,0.79551772396146,0.1666666666,0.1325862872738755,0.7004486334662776,0.1666666666,0.1167414388643497,0.7806639600011394
scn_0072,prt_0072_00,extended_run_001,alt_000,0.97744536495925,0.9159229215475704,0.1666666667,0.15265382028845914,0.921220028608746,0.1666666667,0.15353667146549832,0.8901537595313622,0.1666666667,0.14835895995156548,0.9119172082504587,0.1666666667,0.1519862014054737,0.8409831459837,0.1666666666,0.14016385760788447,0.7158558777357374,0.1666666666,0.11930931290823253,0.8660088236271137
scn_0073,prt_0073_00,extended_run_001,alt_001,0.9036977287748,0.872833544590062,0.1666666667,0.14547225746077144,0.8019185950693074,0.1666666667,0.13365309920494853,0.7078960489193727,0.1666666667,0.117982674843492,0.8716843035809285,0.1666666667,0.14528071729254421,0.81148409150992,0.1666666666,0.13524734853088774,0.66566920507118,0.1666666666,0.1109448674674854,0.7885809648001294
scn_0074,prt_0074_00,extended_run_001,alt_002,0.5087114506354999,0.7154160214218999,0.1666666667,0.11923600359416384,0.5877982684853709,0.1666666667,0.09796637810048842,0.4288337912727556,0.1666666667,0.07147229855975373,0.6994035915167044,0.1666666667,0.11656726527609751,0.6534895802542,0.1666666666,0.1089149299988007,0.503049007722425,0.1666666666,0.08384150125353423,0.5979983767828385
scn_0075,prt_0075_00,extended_run_001,alt_003,0.7447645414612001,0.8901742340296924,0.1666666667,0.14836237236795455,0.6182413140122365,0.1666666667,0.10304021902264746,0.4676150768865242,0.1666666667,0.0779358461633412,0.7416375376193507,0.1666666667,0.12360625629461303,0.7479108165844801,0.1666666666,0.1246518027142193,0.68316758951142,0.1666666666,0.1138612648730255,0.6914577614358011
scn_0076,prt_0076_00,extended_run_001,alt_004,0.6100165498572501,0.7933630981470147,0.1666666667,0.13222718305094788,0.4337715586638678,0.1666666667,0.07229525979177034,0.26300272069714903,0.1666666667,0.043833786791624925,0.3680283849495394,0.1666666667,0.061338064170524176,0.6940116199429001,0.1666666666,0.11566860327754924,0.6116307924500376,0.1666666666,0.10193846536756422,0.5273013624499808
scn_0077,prt_0077_00,extended_run_001,alt_005,0.747633711561,0.739971964428332,0.1666666667,0.12332866076272106,0.8720395817107571,0.1666666667,0.14533993031419418,0.8473588182921075,0.1666666667,0.14122646974359654,0.3902356032763457,0.1666666667,0.06503926722573214,0.6690584846244001,0.1666666666,0.11150974739279612,0.5487551323796833,0.1666666666,0.09145918869336356,0.6779032641324036
scn_0078,prt_0078_00,extended_run_001,alt_006,0.4097874034232,0.554289715681207,0.1666666667,0.09238161929867748,0.6642513851619841,0.1666666667,0.11070856421580573,0.5999978785309953,0.1666666667,0.09999964644183247,0.23232772546096767,0.1666666667,0.0387212875845722,0.48390996136928005,0.1666666666,0.08065166019595268,0.35196725786478666,0.1666666666,0.05866120962066663,0.4811239873575072
scn_0079,prt_0079_00,extended_run_001,alt_007,0.29462154550700004,0.4912453665333769,0.1666666667,0.08187422777193766,0.5527994774609107,0.1666666667,0.09213324626191177,0.43036317612870534,0.1666666667,0.07172719603579633,0.1708148479478614,0.1666666667,0.028469141330337393,0.43784361820280004,0.1666666666,0.07297393633794377,0.28728420759411666,0.1666666666,0.04788070124653383,0.3950584489844607
scn_0080,prt_0080_00,extended_run_001,alt_008,0.6158224834603,0.6858850402519614,0.1666666667,0.11431417339818974,0.7103969292345611,0.1666666667,0.11839948822944008,0.6791740564381801,0.1666666667,0.11319567609566915,0.35325268719547576,0.1666666667,0.05887544787768771,0.56632399338412,0.1666666666,0.09438733219293174,0.4972045358777717,0.1666666666,0.08286742261314832,0.5820395404070667
scn_0081,prt_0081_00,extended_run_001,alt_009,0.5788907970691,0.6568588698385793,0.1666666667,0.10947647832832517,0.5917362180908987,0.1666666667,0.09862270303487432,0.5093478839228114,0.1666666667,0.0848913140041135,0.33520428269656766,0.1666666667,0.05586738046060142,0.55155131882764,0.1666666666,0.09192521976783657,0.4599034456408516,0.1666666666,0.07665057424281504,0.517433669838566
scn_0082,prt_0082_00,extended_run_001,alt_010,0.01418118028524995,0.4409812861096358,0.1666666667,0.073496881032972,0.2672442878886964,0.1666666667,0.04454071465702421,0.1415015074047948,0.1666666667,0.023583584572182518,0.10071793186846308,0.1666666667,0.016786321981434444,0.3256674721141,0.1666666666,0.05427791199730551,0.23788007976650416,0.1666666666,0.03964667994522536,0.25233209418614405
scn_0083,prt_0083_00,extended_run_001,alt_011,0.013684211052799988,0.4224722185035697,0.1666666667,0.07041203643134403,0.24514876179211265,0.1666666667,0.04085812697352373,0.33403111047572465,0.1666666667,0.05567185175708848,0.08645592030983634,0.1666666667,0.014409320054521254,0.32546868442112004,0.1666666666,0.054244780715155434,0.21333114053514665,0.1666666666,0.03555519007496904,0.2711513060066019
scn_0084,prt_0084_00,extended_run_001,alt_000,0.30240707845225,0.4681185688561892,0.1666666667,0.07801976149163548,0.6168406933267498,0.1666666667,0.10280678224168632,0.5734258389446227,0.1666666667,0.09557097317655132,0.19028463394782602,0.1666666667,0.031714105664313826,0.3659578313809,0.1666666666,0.060992971872419484,0.29000914412495415,0.1666666666,0.048334857334825086,0.4174394517814315
scn_0085,prt_0085_00,extended_run_001,alt_001,0.011931773347950037,0.11430799295070415,0.1666666667,0.01905133216226096,0.5859245417205217,0.1666666667,0.09765409030628443,0.6521866478963849,0.1666666667,0.10869777467113703,0.0826249860644738,0.1666666667,0.0137708310134998,0.24976770933917997,0.1666666666,0.04162795153987882,0.1558427873384492,0.1666666666,0.025973797879352015,0.30677577757241303
scn_0086,prt_0086_00,extended_run_001,alt_002,0.011385443358750025,0.09269259224316188,0.1666666667,0.015448765376950066,0.4946663848381586,0.1666666667,0.0824443974895153,0.5170752079413432,0.1666666667,0.08617920134079304,0.06843247368372192,0.1666666667,0.011405412282901402,0.24954917734349996,0.1666666666,0.04159152954061338,0.13127657184222918,0.1666666666,0.02187942863161976,0.25894873466239293
scn_0087,prt_0087_00,extended_run_001,alt_003,0.010998783985299965,0.07268727110579842,0.1666666667,0.012114545186722645,0.36175749848961064,0.1666666667,0.060292916426993685,0.3596954158150959,0.1666666667,0.059949235981172494,0.06975489511927582,0.1666666667,0.0116258158555378,0.24939451359411996,0.1666666666,0.04156575224906036,0.10676624106152166,0.1666666666,0.01779437350313586,0.20334263920262285
scn_0088,prt_0088_00,extended_run_001,alt_004,0.011585451159249971,0.1836075656080954,0.1666666667,0.03060126094080282,0.2697581800257784,0.1666666667,0.044959696679955,0.19912812605801894,0.1666666667,0.033188021016307426,0.11068371819026578,0.1666666667,0.018447286368733752,0.39962918046369994,0.1666666666,0.06660486338397471,0.34259657457240417,0.1666666666,0.05709942907256093,0.25090055746233464
scn_0089,prt_0089_00,extended_run_001,alt_005,0.011321065454300006,0.16694843981059587,0.1666666667,0.027824739973997592,0.24069243763291662,0.1666666667,0.04011540628017585,0.3928250632004024,0.1666666667,0.06547084387982789,0.10304638807529758,0.1666666667,0.017174398015984475,0.39952342618171993,0.1666666666,0.06658723767031843,0.31812903957567173,0.1666666666,0.05302150657473669,0.2701941323950409
scn_0090,prt_0090_00,extended_run_001,alt_006,0.011998150115950013,0.20881918112225822,0.1666666667,0.03480319686067034,0.14209090586310244,0.1666666667,0.02368181764858677,0.10553734425721115,0.1666666667,0.017589557379719768,0.20738785134224594,0.1666666667,0.03456464189728725,0.3997942600463799,0.1666666666,0.06663237664774371,0.4158660192072492,0.1666666666,0.0693110031734838,0.24658259360749163
scn_0091,prt_0091_00,extended_run_001,alt_007,0.013132494709799991,0.11587720394533382,0.1666666667,0.019312867328084876,0.5908947254181484,0.1666666667,0.09848245425605455,0.6491632507502101,0.1666666667,0.10819387514667378,0.1753531375735745,0.1666666667,0.02922552293477419,0.23025299788391998,0.1666666666,0.038375499631969796,0.33772137314843,0.1666666666,0.05628689550222358,0.3498771147997808
scn_0092,prt_0092_00,extended_run_001,alt_008,0.011750096856650016,0.0966875495016291,0.1666666667,0.016114591586827768,0.4993683752778185,0.1666666667,0.0832280625629487,0.5021226476096018,0.1666666667,0.08368710795167104,0.16254260191707015,0.1666666667,0.02709043365826311,0.22970003874265998,0.1666666666,0.038283339775129994,0.31286253389982754,0.1666666666,0.05214375562911376,0.30054729116395434
scn_0093,prt_0093_00,extended_run_001,alt_009,0.011609689488450037,0.07748877621480467,0.1666666667,0.012914796038383736,0.4065156920858723,0.1666666667,0.06775261536119591,0.3675210075588838,0.1666666667,0.061253501272064664,0.1519609837483129,0.1666666667,0.02532683062978418,0.22964387579537998,0.1666666666,0.03827397928392041,0.2884383913209575,0.1666666666,0.04807306520093036,0.25359478778627925
scn_0094,prt_0094_00,extended_run_001,alt_010,0.01124231496010003,0.056641239492959634,0.1666666667,0.00944020658404798,0.2845865818625998,0.1666666667,0.04743109698658618,0.20744261498844424,0.1666666667,0.03457376917165546,0.1395198882284543,0.1666666667,0.023253314709393045,0.22949692598403998,0.1666666666,0.03824948764870687,0.26393481023603504,0.1666666666,0.04398913502174352,0.19693701012213305
scn_0095,prt_0095_00,extended_run_001,alt_011,0.011634262068199952,0.11128787589169528,0.1666666667,0.01854797931899214,0.3565687191728428,0.1666666667,0.05942811987402608,0.348400738867556,0.1666666667,0.058066789822872694,0.2713256284302703,0.1666666667,0.045220938080755904,0.22965370482727995,0.1666666666,0.038275617455903084,0.36157199172387,0.1666666666,0.0602619985965402,0.27980144314909006
scn_0096,prt_0096_00,extended_run_001,alt_000,0.01124373551875002,0.12749587464372872,0.1666666667,0.021249312444871316,0.17150247306083388,0.1666666667,0.028583745515855727,0.15038448291931528,0.1666666667,0.02506408049156536,0.2878685166075724,0.1666666667,0.04797808611085768,0.22949749420749999,0.1666666666,0.038249582352616836,0.3370603074315625,0.1666666666,0.05617671788278974,0.21730152479855666
scn_0097,prt_0097_00,extended_run_001,alt_001,0.011302584981999986,0.11036232993637995,0.1666666667,0.01839372165974207,0.14421624327701862,0.1666666667,0.024036040550976977,0.3434311163904031,0.1666666667,0.05723851940984821,0.27632853971999144,0.1666666667,0.04605475662920952,0.22952103399279997,0.1666666666,0.03825350565016526,0.3127059047437,0.1666666666,0.05211765076976962,0.23609419466971168
scn_0098,prt_0098_00,extended_run_001,alt_002,0.011422274812800004,0.052927269639678226,0.1666666667,0.00882121160837728,0.49011412133082943,0.1666666667,0.08168568690480871,0.49405248340973007,0.1666666667,0.08234208058475675,0.25272102909246297,0.1666666667,0.04212017152383453,0.15456890992511998,0.1666666666,0.025761484977215407,0.28837279618448,0.1666666666,0.04806213267818848,0.28879276827718114
scn_0099,prt_0099_00,extended_run_001,alt_003,0.011244602113850033,0.003935610739847511,0.1666666667,0.0006559351234391056,0.3834545667380454,0.1666666667,0.06390909446912271,0.3489100677416106,0.1666666667,0.058151677968565435,0.2379736563685996,0.1666666667,0.03966227606936572,0.10449784084554002,0.1666666666,0.017416306800623484,0.17726894407318086,0.1666666666,0.02954482400037888,0.20934011443149533
scn_0100,prt_0100_00,extended_run_001,alt_004,0.012191325417150012,0.09528949089551848,0.1666666667,0.015881581819096064,0.4284415398646539,0.1666666667,0.07140692332505703,0.38026456350878807,0.1666666667,0.06337742726414015,0.18024008954527235,0.1666666667,0.03004001493022006,0.10487653016686001,0.1666666666,0.0174794216874849,0.2751002972293358,0.1666666666,0.04585004951988262,0.24403541854588082
scn_0101,prt_0101_00,extended_run_001,alt_005,0.011630231666350022,0.07548201010857966,0.1666666667,0.012580335020612676,0.46341039205047024,0.1666666667,0.07723506535719205,0.6115653996584471,0.1666666667,0.1019275666301267,0.16475679883364405,0.1666666667,0.0274594664777659,0.10465209266654002,0.1666666666,0.017442015437446532,0.25052891441655584,0.1666666666,0.041754819052724046,0.2783992679758679
scn_0102,prt_0102_00,extended_run_001,alt_006,0.011234658313000023,0.07505498775568074,0.1666666667,0.012509164628448623,0.3447546441698246,0.1666666667,0.05745910737312925,0.4532721928804652,0.1666666667,0.0755453654951866,0.16705695392776085,0.1666666667,0.027842825660195372,0.10449386332520001,0.1666666666,0.01741564388056708,0.22601546374288337,0.1666666666,0.03766924394207953,0.22844135097960644
scn_0103,prt_0103_00,extended_run_001,alt_007,0.010839182043049955,0.05292921086197636,0.1666666667,0.008821535145427033,0.16262743639754526,0.1666666667,0.027104572738345125,0.2541964046381576,0.1666666667,0.04236606744816615,0.15316088293885402,0.1666666667,0.0255268138282477,0.10433567281721999,0.1666666666,0.017389278795914287,0.2015020470484008,0.1666666666,0.033583674494633335,0.15479194245073363
scn_0104,prt_0104_00,extended_run_001,alt_008,0.14110710403900006,0.22571013296038678,0.1666666667,0.03761835550092146,0.138677139060976,0.1666666667,0.02311285651478524,0.09407266321289554,0.1666666667,0.01567877720528501,0.2513979646911221,0.1666666667,0.04189966079023361,0.4414428416156,0.1666666666,0.07357380690650381,0.38522081974698336,0.1666666666,0.06420346993214918,0.2560869268498783
scn_0105,prt_0105_00,extended_run_001,alt_009,0.977501896007,0.848294488107643,0.1666666667,0.14138241471288363,0.9255442265789828,0.1666666667,0.1542573711273486,0.81106887986126,0.1666666667,0.13517814667057895,0.6731521222083148,0.1666666667,0.11219202039049087,0.9410007584028001,0.1666666666,0.15683345967106663,0.8404589969357833,0.1666666666,0.14007649943326664,0.8399199120056352
scn_0106,prt_0106_00,extended_run_001,alt_010,0.9776090064078,0.8287553417207849,0.1666666667,0.13812589031442266,0.8475200515306195,0.1666666667,0.14125334195002057,0.6644706460406945,0.1666666667,0.1107451076955981,0.660388532267502,0.1666666667,0.11006475539992995,0.9410436025631201,0.1666666666,0.15684060036445047,0.8161214855760632,0.1666666666,0.13602024754160244,0.7930499432660242
scn_0107,prt_0107_00,extended_run_001,alt_011,0.97755646773295,0.8105690961868818,0.1666666667,0.13509484939149927,0.8992032465217699,0.1666666667,0.14986720778360174,0.9219461278548444,0.1666666667,0.15365768800653892,0.649628867466203,0.1666666667,0.10827147793268811,0.9410225870931801,0.1666666666,0.15683709778612853,0.7917280970398657,0.1666666666,0.13195468278719574,0.8356830036876524
scn_0108,prt_0108_00,extended_run_001,alt_000,0.9776434512279499,0.7860434298183407,0.1666666667,0.13100723832925823,0.8260339819253896,0.1666666667,0.1376723303484327,0.7530744903569181,0.1666666667,0.12551241508458882,0.5913580830577265,0.1666666667,0.09855968052933302,0.94105738049118,0.1666666666,0.15684289668579285,0.7673835412631158,0.1666666666,0.12789725682602707,0.7774918178034327
scn_0109,prt_0109_00,extended_run_001,alt_001,0.74631834048035,0.6857190298681849,0.1666666667,0.1142865050008881,0.6532569309877523,0.1666666667,0.1088761551864006,0.523449191559544,0.1666666667,0.08724153194403896,0.48606280061242546,0.1666666667,0.08101046678493967,0.84852733619214,0.1666666666,0.14142122264212154,0.6620447525014558,0.1666666666,0.11034079203943965,0.6431766735978286
scn_0110,prt_0110_00,extended_run_001,alt_002,0.87279953268695,0.7314403766145086,0.1666666667,0.12190672946013277,0.6942395906497276,0.1666666667,0.11570659846476258,0.675323165922938,0.1666666667,0.11255386100966709,0.557771256477813,0.1666666667,0.09296187609822787,0.8491198130747799,0.1666666666,0.14151996878918868,0.7171465031070992,0.1666666666,0.11952441713670676,0.7041734509586858
scn_0111,prt_0111_00,extended_run_001,alt_003,0.5278691916328,0.5886248487649555,0.1666666667,0.09810414148044673,0.43057892019476307,0.1666666667,0.07176315338014647,0.37376982322756325,0.1666666667,0.0622949705503862,0.41032152183670356,0.1666666667,0.06838692031979464,0.71114767665312,0.1666666666,0.11852461272811016,0.5720458837381468,0.1666666666,0.09534098058488809,0.5144147790437723
scn_0112,prt_0112_00,extended_run_001,alt_004,0.977711911371,0.7233239344955825,0.1666666667,0.12055398910670788,0.8659649278900705,0.1666666667,0.1443274880105439,0.6590817690283847,0.1666666667,0.10984696152670016,0.5884651572350589,0.1666666667,0.09807752622545865,0.8610847645484,0.1666666666,0.1435141273673277,0.7051158356465166,0.1666666666,0.11751930589407839,0.7338393981308167
scn_0113,prt_0113_00,extended_run_001,alt_005,0.9777888396137999,0.7054620681977565,0.1666666667,0.11757701138980814,0.9216367496360811,0.1666666667,0.15360612497006806,0.9044462185467087,0.1666666667,0.15074103645459966,0.5756381290329159,0.1666666667,0.09593968819134058,0.86111553584552,0.1666666666,0.14351925591684564,0.6807677605314966,0.1666666666,0.11346129337653159,0.7748444102991937
scn_0114,prt_0114_00,extended_run_001,alt_006,0.9754795190809,0.6974754263147298,0.1666666667,0.11624590440903748,0.8338060764704882,0.1666666667,0.13896767943954155,0.758703820163691,0.1666666667,0.12645063671923862,0.6733081748712035,0.1666666667,0.11221802916764419,0.86019180763236,0.1666666666,0.14336530121471389,0.6555844983449817,0.1666666666,0.10926408301379133,0.746511633963967
scn_0115,prt_0115_00,extended_run_001,alt_007,0.97494398251095,0.7465800894710837,0.1666666667,0.12443001493673328,0.8973897162016913,0.1666666667,0.14956495273019488,0.9111832865190606,0.1666666667,0.15186388111688287,0.8263535266777198,0.1666666667,0.13772558780716507,0.85997759300438,0.1666666666,0.14332959877673151,0.7528970605454992,0.1666666666,0.12548284337405674,0.8323968787417644
scn_0116,prt_0116_00,extended_run_001,alt_008,0.9748564358838,0.7268315990976265,0.1666666667,0.12113859987383213,0.7912492254964059,0.1666666667,0.1318748709424426,0.7504370849410835,0.1666666667,0.12507284751519515,0.8110398881608796,0.1666666667,0.13517331472051458,0.8599425743535201,0.1666666666,0.14332376233492386,0.7284914192259968,0.1666666666,0.12141523648910005,0.7779986318760084
scn_0117,prt_0117_00,extended_run_001,alt_009,0.013170886228650036,0.3259198894465456,0.1666666667,0.05431998158528826,0.30258606903898033,0.1666666667,0.05043101151658292,0.264328709210148,0.1666666667,0.044054784877168955,0.40987634013283575,0.1666666667,0.06831272336913517,0.42527335449146003,0.1666666666,0.07087889238689178,0.31335981018002756,0.1666666666,0.052226635009113946,0.340224028744181
scn_0118,prt_0118_00,extended_run_001,alt_010,0.012550609501499999,0.30386841425520583,0.1666666667,0.05064473571932992,0.13808852161438334,0.1666666667,0.023014753607000175,0.06512084356725296,0.1666666667,0.010853473930046188,0.3958140507687301,0.1666666667,0.06596900847464882,0.4250252438006,0.1666666666,0.07083754060509832,0.288767713325525,0.1666666666,0.048127952201669655,0.26944746453779306
scn_0119,prt_0119_00,extended_run_001,alt_011,0.48728110175399997,0.430875278995531,0.1666666667,0.07181254651361768,0.7416831490391671,0.1666666667,0.12361385819791729,0.7508534298334189,0.1666666667,0.12514223833059826,0.569115274352051,0.1666666667,0.09485254574431234,0.5849174407016,0.1666666666,0.09748624007793885,0.43054838561389996,0.1666666666,0.07175806424028011,0.5846654931046645
scn_0120,prt_0120_00,extended_run_001,alt_000,0.8055585917988,0.6249859950399987,0.1666666667,0.10416433252749932,0.7850726942084592,0.1666666667,0.13084544906091228,0.6218769395368513,0.1666666667,0.10364615661020445,0.7590616939495645,0.1666666667,0.12651028235022946,0.71222843671952,0.1666666666,0.11870473940577143,0.6394455071295799,0.1666666666,0.10657425114563363,0.6904452111002506
scn_0121,prt_0121_00,extended_run_001,alt_001,0.5604568911985,0.4775617600251632,0.1666666667,0.07959362668677926,0.7627160708710935,0.1666666667,0.1271193451706061,0.805695785548076,0.1666666667,0.13428263095153584,0.6396017103607883,0.1666666667,0.10660028508145143,0.5641877564794,0.1666666666,0.09403129270895416,0.44261824525280835,0.1666666666,0.07376970751262685,0.6153968881119536
scn_0122,prt_0122_00,extended_run_001,alt_002,0.43243597293899994,0.4138704247863483,0.1666666667,0.06897840414485372,0.6146676302127363,0.1666666667,0.10244460505594497,0.6067536811884017,0.1666666667,0.1011256135516254,0.5744744034081449,0.1666666667,0.09574573392050663,0.5129793891756,0.1666666666,0.08549656482840139,0.3734359238619833,0.1666666666,0.06223932061876816,0.5160302421201003
scn_0123,prt_0123_00,extended_run_001,alt_003,0.013592604056399948,0.2509112297603785,0.1666666667,0.04181853830176012,0.36599352492121145,0.1666666667,0.060998920832401694,0.3241126208864259,0.1666666667,0.0540187701585414,0.4121177860369864,0.1666666667,0.06868629768656832,0.34544204162256,0.1666666666,0.05757367358073053,0.20246574475307333,0.1666666666,0.03374429077868117,0.31684049133868325
scn_0124,prt_0124_00,extended_run_001,alt_004,0.011182436992900058,0.231030675577779,0.1666666667,0.03850511260399752,0.20028487140110657,0.1666666667,0.03338081190686059,0.12421328821890067,0.1666666667,0.020702214707290553,0.3983740698810462,0.1666666667,0.06639567832678683,0.34447797479716,0.1666666666,0.057412995776561476,0.1772471862808484,0.1666666666,0.029541197701658257,0.24593801102315524
scn_0125,prt_0125_00,extended_run_001,alt_005,0.1965315657315,0.38602431765516554,0.1666666667,0.0643373862887284,0.21729705559970572,0.1666666667,0.03621617594052752,0.1457606997284249,0.1666666667,0.02429344995959617,0.4090491913326892,0.1666666667,0.06817486523574984,0.4186176262926,0.1666666666,0.06976960435419216,0.3396193813393584,0.1666666666,0.05660323020058511,0.3193947119793792
scn_0126,prt_0126_00,extended_run_001,alt_006,0.43621273294495,0.40500186460211607,0.1666666667,0.0675003107805194,0.7780807838077436,0.1666666667,0.12968013066055994,0.7526533866061293,0.1666666667,0.12544223112611,0.43819831345255345,0.1666666667,0.07303305225669884,0.43949009317798,0.1666666666,0.07324834883369732,0.39913278986406586,0.1666666666,0.06652213161740213,0.5354262052749877
scn_0127,prt_0127_00,extended_run_001,alt_007,0.32119606785700006,0.34208202107694874,0.1666666667,0.05701367019089419,0.6587226977819614,0.1666666667,0.10978711631895098,0.5712521783129267,0.1666666667,0.09520869640452953,0.3761347328312168,0.1666666667,0.06268912215107396,0.39348342714280005,0.1666666666,0.06558057116423445,0.3345019570832834,0.1666666666,0.055750326158247106,0.4460295023879302
scn_0128,prt_0128_00,extended_run_001,alt_008,0.40210138293790004,0.38502377928730214,0.1666666667,0.06417062989405115,0.5968550179225625,0.1666666667,0.09947583634032224,0.46066244815306134,0.1666666667,0.0767770747075323,0.418645835435536,0.1666666667,0.06977430591987753,0.42584555317516004,0.1666666666,0.07097425883413698,0.33844381736159834,0.1666666666,0.056407302871036805,0.43757940856695704
scn_0129,prt_0129_00,extended_run_001,alt_009,0.012195039310000044,0.23240184246165196,0.1666666667,0.038733640418022054,0.36176273001871795,0.1666666667,0.06029378834851175,0.1846097529910916,0.1666666667,0.030768292171335594,0.25770112785753985,0.1666666667,0.04295018798484668,0.26988301572400003,0.1666666666,0.04498050260267447,0.17760159709183337,0.1666666666,0.029600266170132124,0.24732667769552266
scn_0130,prt_0130_00,extended_run_001,alt_010,0.012229209855150025,0.23453407505758153,0.1666666667,0.03908901251741472,0.39724884926768766,0.1666666667,0.06620814155785623,0.33731402912342395,0.1666666667,0.05621900486514779,0.2787566910772219,0.1666666667,0.0464594485221622,0.17488668394206,0.1666666666,0.02914778064535089,0.2209468901159692,0.1666666666,0.03682448167126508,0.27394786977919694
scn_0131,prt_0131_00,extended_run_001,alt_011,0.011049247924399985,0.21499163110626696,0.1666666667,0.035831938524877545,0.22520038432272615,0.1666666667,0.0375333973946277,0.13758078012442798,0.1666666667,0.02293013002532402,0.26448233852438136,0.1666666667,0.04408038976287963,0.17441469916975996,0.1666666666,0.02906911651666568,0.19615890344020667,0.1666666666,0.03269315056029052,0.2021381227846651
scn_0132,prt_0132_00,extended_run_001,alt_000,0.01183525741780006,0.3320267124717251,0.1666666667,0.055337785423021736,0.2228274628077977,0.1666666667,0.037137910475393866,0.3319664729371942,0.1666666667,0.055327745500597915,0.2913804485734511,0.1666666667,0.04856340810528786,0.32472910296712004,0.1666666666,0.05412151713953807,0.4320590067628967,0.1666666666,0.07200983443167885,0.3224982010755183
scn_0133,prt_0133_00,extended_run_001,alt_001,0.013342861730999966,0.21625340878646312,0.1666666667,0.0360422348049523,0.5402140621973611,0.1666666667,0.09003567705090065,0.47154771850944327,0.1666666667,0.0785912864339588,0.37205589545673173,0.1666666667,0.06200931592185715,0.2503321446924,0.1666666666,0.041722024098711195,0.3757116682725167,0.1666666666,0.06261861135370533,0.3710191496640854
scn_0134,prt_0134_00,extended_run_001,alt_002,0.011949415134899943,0.19502153005040257,0.1666666667,0.032503588348234476,0.45483948629214105,0.1666666667,0.07580658106385149,0.324300822874654,0.1666666667,0.054050137156585694,0.35693521372086306,0.1666666667,0.05948920229870835,0.24977476605395998,0.1666666666,0.04162912765900835,0.35084896196388166,0.1666666666,0.05847482697059035,0.32195346349697873
scn_0135,prt_0135_00,extended_run_001,alt_003,0.23347954704484997,0.3182751174007674,0.1666666667,0.053045852910737074,0.6110003103939993,0.1666666667,0.10183338508603322,0.5700597745438787,0.1666666667,0.09500996244298177,0.4831825934560245,0.1666666667,0.08053043225877683,0.33838681881794,0.1666666666,0.056397803113764224,0.5258845081323642,0.1666666666,0.08764741798700174,0.4744648537992948
scn_0136,prt_0136_00,extended_run_001,alt_004,0.47634792604799997,0.5080679695302723,0.1666666667,0.08467799493864765,0.5828160211249684,0.1666666667,0.09713600354025527,0.48312276727247133,0.1666666667,0.08052046122818264,0.5982553115116527,0.1666666667,0.09970921860521728,0.4355341704192,0.1666666666,0.0725890283741644,0.6190134407834667,0.1666666666,0.10316890675597688,0.5378016134424441
scn_0137,prt_0137_00,extended_run_001,alt_005,0.01179469322990001,0.32789235114558407,0.1666666667,0.05464872520186042,0.334363052080313,0.1666666667,0.05572717535786426,0.18338443478122607,0.1666666667,0.03056407246965049,0.4001834568056768,0.1666666667,0.06669724281428557,0.24971287729196,0.1666666666,0.041618812865345814,0.4320448092971317,0.1666666666,0.07200746818738563,0.32126349689639216
scn_0138,prt_0138_00,extended_run_001,alt_006,0.012556958738149993,0.3102123542725087,0.1666666667,0.051702059055758524,0.30423322402139463,0.1666666667,0.05070553734704021,0.3781276751970413,0.1666666667,0.06302127921211115,0.395716619625457,0.1666666667,0.06595276995076672,0.25001778349526,0.1666666666,0.041669630565875485,0.4079366022250192,0.1666666666,0.0679894336769741,0.3410407098085262
scn_0139,prt_0139_00,extended_run_001,alt_007,0.011319524013649995,0.29192492388314845,0.1666666667,0.04865415399025557,0.13915244165828325,0.1666666667,0.02319207361435229,0.1789771516615237,0.1666666667,0.02982952528288652,0.38514528671889803,0.1666666667,0.06419088113265452,0.24952280960546003,0.1666666666,0.04158713491760849,0.3831285000714442,0.1666666666,0.06385474998636548,0.2713085189241229
scn_0140,prt_0140_00,extended_run_001,alt_008,0.8594254549789,0.927748327613121,0.1666666667,0.15462472129977844,0.9097945038349449,0.1666666667,0.15163241733615063,0.8966889148336213,0.1666666667,0.14944815250215984,0.9153465927911761,0.1666666667,0.15255776549570757,0.84376518199156,0.1666666666,0.14062753027567568,0.8424655759092817,0.1666666666,0.14041092926204926,0.8893015161715213
scn_0141,prt_0141_00,extended_run_001,alt_009,0.8322115433149,0.9015291026580721,0.1666666667,0.15025485047306297,0.8165210100547571,0.1666666667,0.13608683503634353,0.7449696875547849,0.1666666667,0.12416161461729647,0.9084875062990134,0.1666666667,0.15141458441345182,0.83287961732596,0.1666666666,0.13881326949880138,0.8085657068268817,0.1666666666,0.13476095108390923,0.8354921051228654
scn_0142,prt_0142_00,extended_run_001,alt_010,0.7424090830782,0.8478435833966738,0.1666666667,0.14130726392770707,0.7166380539406485,0.1666666667,0.11943967568066267,0.5825092766994614,0.1666666667,0.0970848794693272,0.8552356408925246,0.1666666667,0.14253927351059528,0.79695863323128,0.1666666666,0.13282643881874945,0.7527598457440366,0.1666666666,0.1254599742404888,0.7586575056475305
scn_0143,prt_0143_00,extended_run_001,alt_011,0.2864641634672,0.575324405072048,0.1666666667,0.0958874008645188,0.44178456134763233,0.1666666667,0.07363076023933154,0.28590044436823714,0.1666666667,0.04765007407090287,0.6376378676727842,0.1666666667,0.10627297796671863,0.51458566538688,0.1666666666,0.0857642775301743,0.42797079054685333,0.1666666666,0.07132846506261084,0.48053395573425695
scn_0144,prt_0144_00,extended_run_001,alt_000,0.52504416645025,0.6669884000825594,0.1666666667,0.11116473336932618,0.5693984390999441,0.1666666667,0.09489973986897063,0.5810083040880396,0.1666666667,0.09683471736737354,0.6973736911403232,0.1666666667,0.11622894854663299,0.6100176665801,0.1666666666,0.1016696110560155,0.48709879159092084,0.1666666666,0.0811831318993469,0.6019808821076656
scn_0145,prt_0145_00,extended_run_001,alt_001,0.21753691329790004,0.6095540424157129,0.1666666667,0.10159234042293727,0.3583243773249315,0.1666666667,0.05972072956609939,0.2102882454128595,0.1666666667,0.03504804090915286,0.6080220002917693,0.1666666667,0.10133700006889562,0.48701476531916005,0.1666666666,0.08116912752072569,0.47697125298759835,0.1666666666,0.07949520879946831,0.45836244728727915
scn_0146,prt_0146_00,extended_run_001,alt_002,0.31023089972835,0.6231154454974308,0.1666666667,0.10385257427034231,0.3639355722853623,0.1666666667,0.06065592872635823,0.43083622582866515,0.1666666667,0.07180603765247207,0.6310557711789688,0.1666666667,0.10517596188419666,0.5240923598913401,0.1666666666,0.0873487266136172,0.4850391482382558,0.1666666666,0.08083985800737337,0.5096790871543598
scn_0147,prt_0147_00,extended_run_001,alt_003,0.5445178347594499,0.6493645900509204,0.1666666667,0.10822743169679888,0.7223149312035319,0.1666666667,0.12038582189133247,0.6532768549660248,0.1666666667,0.1088794758494467,0.7098710726238817,0.1666666667,0.11831184546097598,0.54280713390378,0.1666666666,0.09046785561444286,0.5426645754991408,0.1666666666,0.09044409588034584,0.6367165263933426
scn_0148,prt_0148_00,extended_run_001,alt_004,0.500725079035,0.6153615705008644,0.1666666667,0.10256026177065611,0.6298637841776056,0.1666666667,0.10497729738392972,0.49350866130788446,0.1666666667,0.08225144356776436,0.6801416549015223,0.1666666667,0.11335694250625844,0.525290031614,0.1666666666,0.087548338567314,0.5029621109955833,0.1666666666,0.08382701846573308,0.5745213022616557
scn_0149,prt_0149_00,extended_run_001,alt_005,0.32376389000425,0.5339359375200408,0.1666666667,0.08898932293780465,0.4990931021505996,0.1666666667,0.08318218370840304,0.3050057172517804,0.1666666667,0.05083428621879692,0.5943558526327488,0.1666666667,0.09905930879193665,0.4545055560017,0.1666666666,0.07575092596998297,0.4166506948348208,0.1666666666,0.06944178244469343,0.4672578100716176
