scenario_id,protocol_id,run_id,alternative_id,q_latent,q_acc_feature_component,q_acc_latent_component,q_acc_observed_weight,q_acc_latent_weight,q_acc_pred,q_time_feature_component,q_time_latent_component,q_time_observed_weight,q_time_latent_weight,q_time_pred,q_effort_feature_component,q_effort_latent_component,q_effort_observed_weight,q_effort_latent_weight,q_effort_pred,q_res_feature_component,q_res_latent_component,q_res_observed_weight,q_res_latent_weight,q_res_pred,q_rep_feature_component,q_rep_latent_component,q_rep_observed_weight,q_rep_latent_weight,q_rep_pred,q_fit_feature_component,q_fit_latent_component,q_fit_observed_weight,q_fit_latent_weight,q_fit_pred
scn_0000,prt_0000_00,extended_run_001,alt_000,0.978029444383,0.7004196728441425,0.978029444383,0.65,0.35,0.7975830928827425,0.9875428943917778,0.978029444383,0.7,0.30000000000000004,0.9846888593891445,0.8845537209858818,0.978029444383,0.7,0.30000000000000004,0.9125964380050173,0.24519772550091815,0.978029444383,0.6,0.4,0.538330413053751,1.0,0.978029444383,0.6,0.4,0.9912117777532,0.8500000000000001,0.978029444383,0.65,0.35,0.89481030553405
scn_0001,prt_0001_00,extended_run_001,alt_001,0.97771682386405,0.6741308454526118,0.97771682386405,0.65,0.35,0.7803859378966151,0.8728928270292515,0.97771682386405,0.7,0.30000000000000004,0.904340026079691,0.6754756891804691,0.97771682386405,0.7,0.30000000000000004,0.7661480295855434,0.22886656082867732,0.97771682386405,0.6,0.4,0.5284066660428264,1.0,0.97771682386405,0.6,0.4,0.99108672954562,0.8125,0.97771682386405,0.65,0.35,0.8703258883524175
scn_0002,prt_0002_00,extended_run_001,alt_002,0.977645227622,0.6452388693799282,0.977645227622,0.65,0.35,0.7615810947646533,0.7613200852312262,0.977645227622,0.7,0.30000000000000004,0.8262176279484583,0.4822328459316718,0.977645227622,0.7,0.30000000000000004,0.6308565604387703,0.2057828658836222,0.977645227622,0.6,0.4,0.5145278105789733,1.0,0.977645227622,0.6,0.4,0.9910580910488,0.775,0.977645227622,0.65,0.35,0.8459258296677
scn_0003,prt_0003_00,extended_run_001,alt_003,0.9776207855121,0.6172094368593206,0.9776207855121,0.65,0.35,0.7433534088877933,0.796378133616458,0.9776207855121,0.7,0.30000000000000004,0.8507509291851507,0.8148149023402066,0.9776207855121,0.7,0.30000000000000004,0.8636566672917747,0.19280627460062352,0.9776207855121,0.6,0.4,0.5067320789652141,1.0,0.9776207855121,0.6,0.4,0.99104831420484,0.7375,0.9776207855121,0.65,0.35,0.821542274929235
scn_0004,prt_0004_00,extended_run_001,alt_004,0.920768576102,0.5901007404842574,0.920768576102,0.65,0.35,0.7058344829504674,0.6442301419670825,0.920768576102,0.7,0.30000000000000004,0.7271916722075578,0.5865288583119443,0.920768576102,0.7,0.30000000000000004,0.6868007736489611,0.17698622713362108,0.920768576102,0.6,0.4,0.4744991667209727,1.0,0.920768576102,0.6,0.4,0.9683074304408,0.7000000000000001,0.920768576102,0.65,0.35,0.7772690016357
scn_0005,prt_0005_00,extended_run_001,alt_005,0.89506973710415,0.6635022915477964,0.89506973710415,0.65,0.35,0.7445508974925201,0.6607428241575162,0.89506973710415,0.7,0.30000000000000004,0.7310408980415064,0.7486015642449471,0.89506973710415,0.7,0.30000000000000004,0.7925420161027079,0.2282769863297372,0.89506973710415,0.6,0.4,0.49499408663950234,1.0,0.89506973710415,0.6,0.4,0.9580278948416601,0.8500000000000001,0.89506973710415,0.65,0.35,0.8657744079864527
scn_0006,prt_0006_00,extended_run_001,alt_006,0.6928590388429501,0.6314123091718389,0.6928590388429501,0.65,0.35,0.6529186645567278,0.43079839589573166,0.6928590388429501,0.7,0.30000000000000004,0.5094165887798972,0.4659386078102885,0.6928590388429501,0.7,0.30000000000000004,0.534014737120087,0.21552148710731542,0.6928590388429501,0.6,0.4,0.4064565078015693,1.0,0.6928590388429501,0.6,0.4,0.87714361553718,0.8125,0.6928590388429501,0.65,0.35,0.7706256635950326
scn_0007,prt_0007_00,extended_run_001,alt_007,0.97597452425725,0.5396873561104273,0.97597452425725,0.65,0.35,0.6923878649618151,0.8586604408752779,0.97597452425725,0.7,0.30000000000000004,0.8938546658898695,0.6814674236094133,0.97597452425725,0.7,0.30000000000000004,0.7698195538037642,0.17601734492137763,0.97597452425725,0.6,0.4,0.4960002166557266,0.9500000000000001,0.97597452425725,0.6,0.4,0.9603898097029,0.775,0.97597452425725,0.65,0.35,0.8453410834900374
scn_0008,prt_0008_00,extended_run_001,alt_008,0.9774006825701,0.5630975898783885,0.9774006825701,0.65,0.35,0.7081036723204875,0.7423404498348292,0.9774006825701,0.7,0.30000000000000004,0.8128585196554104,0.471995470836834,0.9774006825701,0.7,0.30000000000000004,0.6236170343568139,0.19286548715158613,0.9774006825701,0.6,0.4,0.5066795653189917,0.9500000000000001,0.9774006825701,0.6,0.4,0.9609602730280401,0.7375,0.9774006825701,0.65,0.35,0.821465238899535
scn_0009,prt_0009_00,extended_run_001,alt_009,0.9767251614998,0.5373506001904854,0.9767251614998,0.65,0.35,0.6911316966487455,0.814740494144628,0.9767251614998,0.7,0.30000000000000004,0.8633358943511795,0.8411013971208308,0.9767251614998,0.7,0.30000000000000004,0.8817885264345215,0.18379705244762842,0.9767251614998,0.6,0.4,0.5009682960684971,0.9500000000000001,0.9767251614998,0.6,0.4,0.9606900645999201,0.7000000000000001,0.9767251614998,0.65,0.35,0.79685380652493
scn_0010,prt_0010_00,extended_run_001,alt_010,0.9775198828789,0.6119069509421861,0.9775198828789,0.65,0.35,0.739871477120036,0.7121981696406386,0.9775198828789,0.7,0.30000000000000004,0.791794683612117,0.4986050124729303,0.9775198828789,0.7,0.30000000000000004,0.6422794735947213,0.23679849533551353,0.9775198828789,0.6,0.4,0.5330870503528682,0.9500000000000001,0.9775198828789,0.6,0.4,0.9610079531515601,0.8500000000000001,0.9775198828789,0.65,0.35,0.894631959007615
scn_0011,prt_0011_00,extended_run_001,alt_011,0.78166235911085,0.5144143467074149,0.78166235911085,0.65,0.35,0.6079511510486172,0.7435115604359227,0.78166235911085,0.7,0.30000000000000004,0.7549568000384008,0.8302760608412089,0.78166235911085,0.7,0.30000000000000004,0.8156919503221012,0.19987176661941172,0.78166235911085,0.6,0.4,0.4325880036159871,0.8666666666666667,0.78166235911085,0.6,0.4,0.8326649436443401,0.6791666666666667,0.78166235911085,0.65,0.35,0.7150401590221308
scn_0012,prt_0012_00,extended_run_001,alt_000,0.51245080966,0.48891693858705426,0.51245080966,0.65,0.35,0.49715379346258526,0.49942971975779493,0.51245080966,0.7,0.30000000000000004,0.5033360467284564,0.5487139994653868,0.51245080966,0.7,0.30000000000000004,0.5378350425237708,0.19811040086414844,0.51245080966,0.6,0.4,0.32384656438248904,0.8666666666666667,0.51245080966,0.6,0.4,0.724980323864,0.6416666666666666,0.51245080966,0.65,0.35,0.5964411167143333
scn_0013,prt_0013_00,extended_run_001,alt_001,0.26670150874700005,0.3863395010710714,0.26670150874700005,0.65,0.35,0.3444662037576464,0.21419013289537164,0.26670150874700005,0.7,0.30000000000000004,0.22994354565086017,0.26392624954510213,0.26670150874700005,0.7,0.30000000000000004,0.2647588273056715,0.15399516810189973,0.26670150874700005,0.6,0.4,0.19907770435993988,0.7833416666666667,0.26670150874700005,0.6,0.4,0.5766856034988,0.5208333333333334,0.26670150874700005,0.65,0.35,0.4318871947281167
scn_0014,prt_0014_00,extended_run_001,alt_002,0.43448387103885,0.22297427694037825,0.43448387103885,0.65,0.35,0.29700263487484335,0.6656437612727372,0.43448387103885,0.7,0.30000000000000004,0.5962957942025711,0.4795885071695403,0.43448387103885,0.7,0.30000000000000004,0.46605711633033325,0.11607731791291569,0.43448387103885,0.6,0.4,0.24343993916328943,0.7333416666666667,0.43448387103885,0.6,0.4,0.6137985484155399,0.43333333333333335,0.43448387103885,0.65,0.35,0.43373602153026414
scn_0015,prt_0015_00,extended_run_001,alt_003,0.62874412799435,0.29595166865596967,0.62874412799435,0.65,0.35,0.41242902942440274,0.788507677635877,0.62874412799435,0.7,0.30000000000000004,0.7405786127434189,0.7207762310610676,0.62874412799435,0.7,0.30000000000000004,0.6931666001410524,0.39051842448142027,0.62874412799435,0.6,0.4,0.48580870588659214,0.7333416666666667,0.62874412799435,0.6,0.4,0.69150265119774,0.5833333333333334,0.62874412799435,0.65,0.35,0.5992271114646892
scn_0016,prt_0016_00,extended_run_001,alt_004,0.74266368622515,0.31922611970583803,0.74266368622515,0.65,0.35,0.4674292679875972,0.6654207998359355,0.74266368622515,0.7,0.30000000000000004,0.6885936657526999,0.5277874624453491,0.74266368622515,0.7,0.30000000000000004,0.5922503295792894,0.4062572056025298,0.74266368622515,0.6,0.4,0.5408197978515779,0.7333416666666667,0.74266368622515,0.6,0.4,0.73707047449006,0.5458333333333334,0.74266368622515,0.65,0.35,0.6147239568454692
scn_0017,prt_0017_00,extended_run_001,alt_005,0.6946221455930499,0.3943316834578725,0.6946221455930499,0.65,0.35,0.49943334520518456,0.7269367360112013,0.6946221455930499,0.7,0.30000000000000004,0.7172423588857559,0.8586142236860282,0.6946221455930499,0.7,0.30000000000000004,0.8094166002581348,0.3923254461794785,0.6946221455930499,0.6,0.4,0.5132441259449071,0.7333416666666667,0.6946221455930499,0.6,0.4,0.71785385823722,0.5583333333333333,0.6946221455930499,0.65,0.35,0.6060344176242342
scn_0018,prt_0018_00,extended_run_001,alt_006,0.58506590082,0.35585215431908596,0.58506590082,0.65,0.35,0.4360769655944059,0.6120770717780482,0.58506590082,0.7,0.30000000000000004,0.6039737204906337,0.6179886820268825,0.58506590082,0.7,0.30000000000000004,0.6081118476648177,0.29831869589474347,0.58506590082,0.6,0.4,0.41301757786484605,0.7333416666666667,0.58506590082,0.6,0.4,0.6740313603279999,0.5208333333333334,0.58506590082,0.65,0.35,0.5433147319536666
scn_0019,prt_0019_00,extended_run_001,alt_007,0.188196606878,0.34350627232258124,0.188196606878,0.65,0.35,0.2891478894169778,0.3752678004432979,0.188196606878,0.7,0.30000000000000004,0.3191464423737085,0.31684478526627663,0.188196606878,0.7,0.30000000000000004,0.27825033174979363,0.4487615510865914,0.188196606878,0.6,0.4,0.3445355734031548,0.7333416666666667,0.188196606878,0.6,0.4,0.5152836427512,0.48333333333333334,0.188196606878,0.65,0.35,0.38003547907396673
scn_0020,prt_0020_00,extended_run_001,alt_008,0.391632298979,0.4173177578778864,0.391632298979,0.65,0.35,0.40832784726327614,0.3919842136682642,0.391632298979,0.7,0.30000000000000004,0.3918786392614849,0.47914714318296203,0.391632298979,0.7,0.30000000000000004,0.4528926899217734,0.5014840407689523,0.391632298979,0.6,0.4,0.4575433440529713,0.7333416666666667,0.391632298979,0.6,0.4,0.5966579195916,0.6333333333333333,0.391632298979,0.65,0.35,0.5487379713093167
scn_0021,prt_0021_00,extended_run_001,alt_009,0.5193525427881001,0.3319008819484482,0.5193525427881001,0.65,0.35,0.3975089632423263,0.8408845487982303,0.5193525427881001,0.7,0.30000000000000004,0.7444249469951911,0.6962336247101305,0.5193525427881001,0.7,0.30000000000000004,0.6431693001335214,0.47525957122508766,0.5193525427881001,0.6,0.4,0.4928967598502926,0.6083416666666668,0.5193525427881001,0.6,0.4,0.5727460171152401,0.5958333333333333,0.5193525427881001,0.65,0.35,0.5690650566425017
scn_0022,prt_0022_00,extended_run_001,alt_010,0.28137022446890003,0.22902481623347928,0.28137022446890003,0.65,0.35,0.24734570911587656,0.7110077892960633,0.28137022446890003,0.7,0.30000000000000004,0.5821165198479143,0.48649478828692444,0.28137022446890003,0.7,0.30000000000000004,0.4249574191415171,0.43132384583865324,0.28137022446890003,0.6,0.4,0.37134239729075197,0.5250083333333334,0.28137022446890003,0.6,0.4,0.42755308978756007,0.42500000000000004,0.28137022446890003,0.65,0.35,0.37472957856411504
scn_0023,prt_0023_00,extended_run_001,alt_011,0.22596732002785003,0.19499120123567767,0.22596732002785003,0.65,0.35,0.205832842812938,0.7953453620392512,0.22596732002785003,0.7,0.30000000000000004,0.6245319494358308,0.8539096070175639,0.22596732002785003,0.7,0.30000000000000004,0.6655269209206497,0.406761027476894,0.22596732002785003,0.6,0.4,0.3344435444972764,0.5250083333333334,0.22596732002785003,0.6,0.4,0.40539192801114005,0.3875,0.22596732002785003,0.65,0.35,0.3309635620097475
scn_0024,prt_0024_00,extended_run_001,alt_000,0.22496325093214997,0.22014074696397176,0.22496325093214997,0.65,0.35,0.22182862335283415,0.6220836448078485,0.22496325093214997,0.7,0.30000000000000004,0.502947526645139,0.6269554479442784,0.22496325093214997,0.7,0.30000000000000004,0.5063577888406399,0.43607200783399946,0.22496325093214997,0.6,0.4,0.35162850507325966,0.5250083333333334,0.22496325093214997,0.6,0.4,0.40499030037286005,0.35000000000000003,0.22496325093214997,0.65,0.35,0.3062371378262525
scn_0025,prt_0025_00,extended_run_001,alt_001,0.39839323045325,0.36083750628309996,0.39839323045325,0.65,0.35,0.3739820097426525,0.642774284871269,0.39839323045325,0.7,0.30000000000000004,0.5694599685458632,0.6345972621437624,0.39839323045325,0.7,0.30000000000000004,0.5637360526366086,0.3360213241080674,0.39839323045325,0.6,0.4,0.36097008664614044,0.5250083333333334,0.39839323045325,0.6,0.4,0.47436229218130005,0.5,0.39839323045325,0.65,0.35,0.4644376306586375
scn_0026,prt_0026_00,extended_run_001,alt_002,0.011429015822349953,0.271927115291106,0.011429015822349953,0.65,0.35,0.1807527804770414,0.3459394715832209,0.011429015822349953,0.7,0.30000000000000004,0.2455863348549596,0.3502996433490134,0.011429015822349953,0.7,0.30000000000000004,0.24863845509101437,0.29620466467044193,0.011429015822349953,0.6,0.4,0.18229440513120515,0.36665833333333336,0.011429015822349953,0.6,0.4,0.22456660632894002,0.37916666666666676,0.011429015822349953,0.65,0.35,0.2504584888711559
scn_0027,prt_0027_00,extended_run_001,alt_003,0.01094074916804999,0.2463934984459205,0.01094074916804999,0.65,0.35,0.16398503619866583,0.08541606019609602,0.01094074916804999,0.7,0.30000000000000004,0.0630734668876822,0.06807424405723969,0.01094074916804999,0.7,0.30000000000000004,0.050934195590482775,0.29078976399924644,0.01094074916804999,0.6,0.4,0.17885015806676785,0.36665833333333336,0.01094074916804999,0.6,0.4,0.22437129966722003,0.3416666666666668,0.01094074916804999,0.65,0.35,0.2259125955421509
scn_0028,prt_0028_00,extended_run_001,alt_004,0.01181561333819997,0.10878858100207085,0.01181561333819997,0.65,0.35,0.07484804231971605,0.7831931946984106,0.01181561333819997,0.7,0.30000000000000004,0.5517799202903474,0.8434728799014684,0.01181561333819997,0.7,0.30000000000000004,0.5939756999324878,0.2518241174456505,0.01181561333819997,0.6,0.4,0.15582071580267026,0.24165833333333334,0.01181561333819997,0.6,0.4,0.14972124533527997,0.25416666666666676,0.01181561333819997,0.65,0.35,0.1693437980017034
scn_0029,prt_0029_00,extended_run_001,alt_005,0.0111829686446,0.07960564196204542,0.0111829686446,0.65,0.35,0.055657706300939525,0.6514412290100572,0.0111829686446,0.7,0.30000000000000004,0.45936375090042003,0.6342678107795163,0.0111829686446,0.7,0.30000000000000004,0.4473423581390414,0.23266645007735332,0.0111829686446,0.6,0.4,0.14407305750425198,0.24165833333333334,0.0111829686446,0.6,0.4,0.14946818745784,0.21666666666666676,0.0111829686446,0.65,0.35,0.1447473723589434
scn_0030,prt_0030_00,extended_run_001,alt_006,0.012190610404199997,0.15123943135288903,0.012190610404199997,0.65,0.35,0.10257234402084786,0.7878986754251017,0.012190610404199997,0.7,0.30000000000000004,0.5551862559188311,0.8904772632582297,0.012190610404199997,0.7,0.30000000000000004,0.6269912674020207,0.2966990218019716,0.012190610404199997,0.6,0.4,0.18289565724286297,0.24165833333333334,0.012190610404199997,0.6,0.4,0.14987124416168,0.36666666666666675,0.012190610404199997,0.65,0.35,0.2426000469748034
scn_0031,prt_0031_00,extended_run_001,alt_007,0.011620022082149961,0.11865287217933465,0.011620022082149961,0.65,0.35,0.08119137464532002,0.6145999735315244,0.011620022082149961,0.7,0.30000000000000004,0.43370598809671207,0.6616176869636109,0.011620022082149961,0.7,0.30000000000000004,0.46661838749917256,0.27376036592434844,0.011620022082149961,0.6,0.4,0.16890422838746905,0.24165833333333334,0.011620022082149961,0.6,0.4,0.14964300883285997,0.3291666666666667,0.011620022082149961,0.65,0.35,0.21802534106208585
scn_0032,prt_0032_00,extended_run_001,alt_008,0.011326366912849994,0.14157687449964895,0.011326366912849994,0.65,0.35,0.09598919684426932,0.4409147090062837,0.011326366912849994,0.7,0.30000000000000004,0.3120382063782536,0.4328287027922647,0.011326366912849994,0.7,0.30000000000000004,0.30637800202844023,0.291020480067655,0.011326366912849994,0.6,0.4,0.179142834805733,0.24165833333333334,0.011326366912849994,0.6,0.4,0.14952554676514,0.29166666666666674,0.011326366912849994,0.65,0.35,0.1935475617528309
scn_0033,prt_0033_00,extended_run_001,alt_009,0.01071998484504999,0.06912116252175293,0.01071998484504999,0.65,0.35,0.0486807503349069,0.15015560970537026,0.01071998484504999,0.7,0.30000000000000004,0.10832492224727418,0.15254461447631087,0.01071998484504999,0.7,0.30000000000000004,0.1099972255869326,0.27966847191748756,0.01071998484504999,0.6,0.4,0.1720890770885125,0.158325,0.01071998484504999,0.6,0.4,0.09928299393802,0.12083333333333335,0.01071998484504999,0.65,0.35,0.08229366136243417
scn_0034,prt_0034_00,extended_run_001,alt_010,0.010753329268950007,0.12066997912628023,0.010753329268950007,0.65,0.35,0.08219915167621467,0.14655948552078119,0.010753329268950007,0.7,0.30000000000000004,0.10581763864523182,0.4285735863958733,0.010753329268950007,0.7,0.30000000000000004,0.3032275092577963,0.2693708534118925,0.010753329268950007,0.6,0.4,0.1659238437547155,0.158325,0.010753329268950007,0.6,0.4,0.09929633170758,0.13333333333333336,0.010753329268950007,0.65,0.35,0.09043033191079919
scn_0035,prt_0035_00,extended_run_001,alt_011,0.5061068220198,0.6101187166959182,0.5061068220198,0.65,0.35,0.5737145535592768,0.7518601793904368,0.5061068220198,0.7,0.30000000000000004,0.6781341721792458,0.5297483440306561,0.5061068220198,0.7,0.30000000000000004,0.5226558874273992,0.3851115862348888,0.5061068220198,0.6,0.4,0.43350968054885325,0.5833250000000001,0.5061068220198,0.6,0.4,0.5524377288079201,0.38333333333333336,0.5061068220198,0.65,0.35,0.42630405437359664
scn_0036,prt_0036_00,extended_run_001,alt_000,0.5340352247398,0.5712745139713964,0.5340352247398,0.65,0.35,0.5582407627403376,0.873028580706544,0.5340352247398,0.7,0.30000000000000004,0.7713305739165208,0.8685098165533518,0.5340352247398,0.7,0.30000000000000004,0.7681674390092863,0.28886179013807056,0.5340352247398,0.6,0.4,0.38693116397876237,0.5833250000000001,0.5340352247398,0.6,0.4,0.5636090898959201,0.3458333333333333,0.5340352247398,0.65,0.35,0.41170399532559665
scn_0037,prt_0037_00,extended_run_001,alt_001,0.43864927358625005,0.5424471963359,0.43864927358625005,0.65,0.35,0.5061179233735225,0.7573914582664629,0.43864927358625005,0.7,0.30000000000000004,0.661768802862399,0.6758046118164245,0.43864927358625005,0.7,0.30000000000000004,0.6046580103473722,0.26898794683262606,0.43864927358625005,0.6,0.4,0.33685247753407566,0.5833250000000001,0.43864927358625005,0.6,0.4,0.5254547094345001,0.30833333333333335,0.43864927358625005,0.65,0.35,0.3539439124218542
scn_0038,prt_0038_00,extended_run_001,alt_002,0.013892935235050086,0.5246350900595979,0.013892935235050086,0.65,0.35,0.34587533587100616,0.603692460608733,0.013892935235050086,0.7,0.30000000000000004,0.42675260299662815,0.4304888073124993,0.013892935235050086,0.7,0.30000000000000004,0.3055100456892645,0.41717146297197527,0.013892935235050086,0.6,0.4,0.2558600518772052,0.5833250000000001,0.013892935235050086,0.6,0.4,0.35555217409402007,0.27083333333333337,0.013892935235050086,0.65,0.35,0.18090419399893423
scn_0039,prt_0039_00,extended_run_001,alt_003,0.011257943601599985,0.4195708890493992,0.011257943601599985,0.65,0.35,0.27666135814266946,0.4014572353668854,0.011257943601599985,0.7,0.30000000000000004,0.28439744783729975,0.20242988196976153,0.011257943601599985,0.7,0.30000000000000004,0.14507830045931305,0.3779869446992349,0.011257943601599985,0.6,0.4,0.23129534426018092,0.5,0.011257943601599985,0.6,0.4,0.30450317744064,0.15000000000000002,0.011257943601599985,0.65,0.35,0.10144028026056001
scn_0040,prt_0040_00,extended_run_001,alt_004,0.012058816707450015,0.5468846450395416,0.012058816707450015,0.65,0.35,0.35969560512330956,0.41834211746295435,0.012058816707450015,0.7,0.30000000000000004,0.296457127236303,0.36457571332419514,0.012058816707450015,0.7,0.30000000000000004,0.25882064433917157,0.668081697290619,0.012058816707450015,0.6,0.4,0.4056725450573514,0.5,0.012058816707450015,0.6,0.4,0.30482352668298,0.30000000000000004,0.012058816707450015,0.65,0.35,0.19922058584760755
scn_0041,prt_0041_00,extended_run_001,alt_005,0.011307149924299986,0.520383737974037,0.011307149924299986,0.65,0.35,0.3422069321566291,0.18317540038320917,0.011307149924299986,0.7,0.30000000000000004,0.1316149252455364,0.08104925623561463,0.011307149924299986,0.7,0.30000000000000004,0.060126624342220235,0.6545939852697018,0.011307149924299986,0.6,0.4,0.3972792511315411,0.5,0.011307149924299986,0.6,0.4,0.30452285996972,0.2625,0.011307149924299986,0.65,0.35,0.174582502473505
scn_0042,prt_0042_00,extended_run_001,alt_006,0.20905971247899996,0.4338624959374432,0.20905971247899996,0.65,0.35,0.3551815217269881,0.8221326978363834,0.20905971247899996,0.7,0.30000000000000004,0.6382108022291683,0.857555191647454,0.20905971247899996,0.7,0.30000000000000004,0.6630065478969177,0.6226031799800062,0.20905971247899996,0.6,0.4,0.45718579297960377,0.375,0.20905971247899996,0.6,0.4,0.3086238849916,0.22500000000000003,0.20905971247899996,0.65,0.35,0.21942089936765
scn_0043,prt_0043_00,extended_run_001,alt_007,0.013323310056199966,0.4053119164131076,0.013323310056199966,0.65,0.35,0.2681159041881899,0.70218931394755,0.013323310056199966,0.7,0.30000000000000004,0.495529512780145,0.6479228411020072,0.013323310056199966,0.7,0.30000000000000004,0.45754298178826497,0.6014084465739846,0.013323310056199966,0.6,0.4,0.36617439196687074,0.375,0.013323310056199966,0.6,0.4,0.23032932402247996,0.18750000000000003,0.013323310056199966,0.65,0.35,0.12653815851967
scn_0044,prt_0044_00,extended_run_001,alt_008,0.013765309478899979,0.5839029441935515,0.013765309478899979,0.65,0.35,0.3843547720434235,0.6051209632882967,0.013765309478899979,0.7,0.30000000000000004,0.4277142671454776,0.4552279120844698,0.013765309478899979,0.7,0.30000000000000004,0.3227891313027988,0.6371260810612586,0.013765309478899979,0.6,0.4,0.38778177242831513,0.625,0.013765309478899979,0.6,0.4,0.38050612379156,0.55,0.013765309478899979,0.65,0.35,0.36231785831761504
scn_0045,prt_0045_00,extended_run_001,alt_009,0.45553626808615,0.6606046618911199,0.45553626808615,0.65,0.35,0.5888307240593804,0.68529023243546,0.45553626808615,0.7,0.30000000000000004,0.616364043130667,0.6761311513437069,0.45553626808615,0.7,0.30000000000000004,0.6099526863664398,0.709460828797992,0.45553626808615,0.6,0.4,0.6078910045132552,0.625,0.45553626808615,0.6,0.4,0.55721450723446,0.7000000000000001,0.45553626808615,0.65,0.35,0.6144376938301526
scn_0046,prt_0046_00,extended_run_001,alt_010,0.30743213997234997,0.6269913267350344,0.30743213997234997,0.65,0.35,0.5151456113680949,0.5345345877332721,0.30743213997234997,0.7,0.30000000000000004,0.46640385340499546,0.446547920729254,0.30743213997234997,0.7,0.30000000000000004,0.4048131865021828,0.6817392676910018,0.30743213997234997,0.6,0.4,0.532016416603541,0.625,0.30743213997234997,0.6,0.4,0.49797285598894,0.6625000000000001,0.30743213997234997,0.65,0.35,0.5382262489903226
scn_0047,prt_0047_00,extended_run_001,alt_011,0.010802936222500004,0.5940103510946388,0.010802936222500004,0.65,0.35,0.3898877558893903,0.3044762620097795,0.010802936222500004,0.7,0.30000000000000004,0.21637426427359566,0.1625967155153371,0.010802936222500004,0.7,0.30000000000000004,0.11705858172748597,0.6608810904900443,0.010802936222500004,0.6,0.4,0.40084982878302655,0.625,0.010802936222500004,0.6,0.4,0.379321174489,0.625,0.010802936222500004,0.65,0.35,0.410031027677875
scn_0048,prt_0048_00,extended_run_001,alt_000,0.011527249537099937,0.6183296824894506,0.011527249537099937,0.65,0.35,0.4059488309561279,0.25942239312123117,0.011527249537099937,0.7,0.30000000000000004,0.18505385004599179,0.4412149940109644,0.011527249537099937,0.7,0.30000000000000004,0.3123086706688051,0.6941969233761023,0.011527249537099937,0.6,0.4,0.4211290538405013,0.625,0.011527249537099937,0.6,0.4,0.37961089981484,0.5875,0.011527249537099937,0.65,0.35,0.385909537337985
scn_0049,prt_0049_00,extended_run_001,alt_001,0.1824909003315,0.4262665262147522,0.1824909003315,0.65,0.35,0.34094505715561396,0.697436145431666,0.1824909003315,0.7,0.30000000000000004,0.5429525719016162,0.65613051257863,0.1824909003315,0.7,0.30000000000000004,0.5140386289044909,0.6561786701049869,0.1824909003315,0.6,0.4,0.4667035621955921,0.5,0.1824909003315,0.6,0.4,0.3729963601326,0.5,0.1824909003315,0.65,0.35,0.388871815116025
scn_0050,prt_0050_00,extended_run_001,alt_002,0.557746351288,0.5657683976146627,0.557746351288,0.65,0.35,0.5629606814003307,0.7548524504969087,0.557746351288,0.7,0.30000000000000004,0.6957206207342361,0.6834332384595548,0.557746351288,0.7,0.30000000000000004,0.6457271723080884,0.5565821440520546,0.557746351288,0.6,0.4,0.5570478269464327,0.5,0.557746351288,0.6,0.4,0.5230985405152,0.65,0.557746351288,0.65,0.35,0.6177112229508
scn_0051,prt_0051_00,extended_run_001,alt_003,0.62540985322,0.6790960813083622,0.62540985322,0.65,0.35,0.6603059014774354,0.6383586911433635,0.62540985322,0.7,0.30000000000000004,0.6344740397663544,0.49500457664143394,0.62540985322,0.7,0.30000000000000004,0.5341261596150038,0.5735132840570445,0.62540985322,0.6,0.4,0.5942719117222267,0.5,0.62540985322,0.6,0.4,0.550163941288,0.6625000000000001,0.62540985322,0.65,0.35,0.649518448627
scn_0052,prt_0052_00,extended_run_001,alt_004,0.9774558617981,0.8654037283251692,0.9774558617981,0.65,0.35,0.904621975040695,0.8054836279018984,0.9774558617981,0.7,0.30000000000000004,0.857075298070759,0.8261251774802942,0.9774558617981,0.7,0.30000000000000004,0.871524382775636,0.6123779220375198,0.9774558617981,0.6,0.4,0.7584090979417519,0.9,0.9774558617981,0.6,0.4,0.93098234471924,0.875,0.9774558617981,0.65,0.35,0.910859551629335
scn_0053,prt_0053_00,extended_run_001,alt_005,0.9762859816717999,0.8348939981540646,0.9762859816717999,0.65,0.35,0.884381192385272,0.6616377129168846,0.9762859816717999,0.7,0.30000000000000004,0.7560321935433592,0.5972694723962914,0.9762859816717999,0.7,0.30000000000000004,0.7109744251789439,0.591091444356247,0.9762859816717999,0.6,0.4,0.7451692592824682,0.9,0.9762859816717999,0.6,0.4,0.93051439266872,0.8375,0.9762859816717999,0.65,0.35,0.88607509358513
scn_0054,prt_0054_00,extended_run_001,alt_006,0.36050550156710004,0.7922827948790223,0.36050550156710004,0.65,0.35,0.6411607422198495,0.49051241422751646,0.36050550156710004,0.7,0.30000000000000004,0.45151034042939153,0.30017811859960997,0.36050550156710004,0.7,0.30000000000000004,0.318276333489857,0.48873417317553636,0.36050550156710004,0.6,0.4,0.43744270453216183,0.9,0.36050550156710004,0.6,0.4,0.68420220062684,0.8,0.36050550156710004,0.65,0.35,0.646176925548485
scn_0055,prt_0055_00,extended_run_001,alt_007,0.5776571637027,0.7920817410796797,0.5776571637027,0.65,0.35,0.7170331389977368,0.4941888515030597,0.5776571637027,0.7,0.30000000000000004,0.5192293451629518,0.4624804765162954,0.5776571637027,0.7,0.30000000000000004,0.4970334826722168,0.5194875732856404,0.5776571637027,0.6,0.4,0.5427554094524643,0.8166666666666667,0.5776571637027,0.6,0.4,0.72106286548108,0.8166666666666667,0.5776571637027,0.65,0.35,0.7330133406292784
scn_0056,prt_0056_00,extended_run_001,alt_008,0.977435121304,0.7570945666499478,0.977435121304,0.65,0.35,0.8342137607788661,0.9127005650890226,0.977435121304,0.7,0.30000000000000004,0.932120931953516,0.6778322143143882,0.977435121304,0.7,0.30000000000000004,0.7677130864112718,0.5194136779288552,0.977435121304,0.6,0.4,0.7026222552789131,0.7666666666666667,0.977435121304,0.6,0.4,0.8509740485216,0.7791666666666666,0.977435121304,0.65,0.35,0.8485606257897332
scn_0057,prt_0057_00,extended_run_001,alt_009,0.9052420863260999,0.7472367413164026,0.9052420863260999,0.65,0.35,0.8025386120697966,0.7943771826767911,0.9052420863260999,0.7,0.30000000000000004,0.8276366537715838,0.4532487273050278,0.9052420863260999,0.7,0.30000000000000004,0.5888467350113495,0.6807872597584752,0.9052420863260999,0.6,0.4,0.7705691903855252,0.7666666666666667,0.9052420863260999,0.6,0.4,0.82209683453044,0.7416666666666666,0.9052420863260999,0.65,0.35,0.7989180635474682
scn_0058,prt_0058_00,extended_run_001,alt_010,0.9776846360228499,0.7192719672329821,0.9776846360228499,0.65,0.35,0.8097164013094358,0.8685592798389211,0.9776846360228499,0.7,0.30000000000000004,0.9012968866940998,0.8212203980738597,0.9776846360228499,0.7,0.30000000000000004,0.8681596694585568,0.6636808125785292,0.9776846360228499,0.6,0.4,0.7892823419562576,0.7666666666666667,0.9776846360228499,0.6,0.4,0.8510738544091401,0.7041666666666666,0.9776846360228499,0.65,0.35,0.7998979559413308
scn_0059,prt_0059_00,extended_run_001,alt_011,0.790063583337,0.6911610650815188,0.790063583337,0.65,0.35,0.7257769464709372,0.7202804360238478,0.790063583337,0.7,0.30000000000000004,0.7412153802177934,0.592016941496567,0.790063583337,0.7,0.30000000000000004,0.651430934048697,0.6419143076671915,0.790063583337,0.6,0.4,0.7011740179351149,0.7666666666666667,0.790063583337,0.6,0.4,0.7760254333348,0.6666666666666666,0.790063583337,0.65,0.35,0.7098555875012833
scn_0060,prt_0060_00,extended_run_001,alt_000,0.9779106210380499,0.7658467327075935,0.9779106210380499,0.65,0.35,0.8400690936232532,0.8035722780116792,0.9779106210380499,0.7,0.30000000000000004,0.8558737809195904,0.8114625963967459,0.9779106210380499,0.7,0.30000000000000004,0.8613970037891372,0.7045834853303607,0.9779106210380499,0.6,0.4,0.8139143396134365,0.7666666666666667,0.9779106210380499,0.6,0.4,0.85116424841522,0.8166666666666667,0.9779106210380499,0.65,0.35,0.8731020506966508
scn_0061,prt_0061_00,extended_run_001,alt_001,0.6467405791912,0.7366094805803309,0.6467405791912,0.65,0.35,0.7051553650941351,0.5811178497985771,0.6467405791912,0.7,0.30000000000000004,0.600804668616364,0.5269481346358624,0.6467405791912,0.7,0.30000000000000004,0.5628858680024638,0.6833622759931146,0.6467405791912,0.6,0.4,0.6687135972723488,0.7666666666666667,0.6467405791912,0.6,0.4,0.71869623167648,0.7791666666666666,0.6467405791912,0.65,0.35,0.7328175360502532
scn_0062,prt_0062_00,extended_run_001,alt_002,0.36096581141765,0.7033802165411369,0.36096581141765,0.65,0.35,0.5835351747479165,0.358486362179685,0.36096581141765,0.7,0.30000000000000004,0.3592301969510745,0.24248371355947151,0.36096581141765,0.7,0.30000000000000004,0.2780283429169251,0.6595427229392471,0.36096581141765,0.6,0.4,0.5401119583306082,0.7666666666666667,0.36096581141765,0.6,0.4,0.60438632456706,0.7416666666666666,0.36096581141765,0.65,0.35,0.6084213673295108
scn_0063,prt_0063_00,extended_run_001,alt_003,0.6788342443238,0.5068297647256538,0.6788342443238,0.65,0.35,0.5670313325850049,0.776188849948678,0.6788342443238,0.7,0.30000000000000004,0.7469824682612146,0.4601745545111665,0.6788342443238,0.7,0.30000000000000004,0.5257724614549566,0.6340532293212271,0.6788342443238,0.6,0.4,0.6519656353222563,0.6416666666666666,0.6788342443238,0.6,0.4,0.65653369772952,0.6541666666666666,0.6788342443238,0.65,0.35,0.6628003188466633
scn_0064,prt_0064_00,extended_run_001,alt_004,0.6768780220378,0.5300046417822539,0.6768780220378,0.65,0.35,0.5814103248716951,0.8551598194846389,0.6768780220378,0.7,0.30000000000000004,0.8016752802505872,0.8106391426963482,0.6768780220378,0.7,0.30000000000000004,0.7705108064987837,0.6487506949353341,0.6768780220378,0.6,0.4,0.6600016257763204,0.6416666666666666,0.6768780220378,0.6,0.4,0.65575120881512,0.6166666666666666,0.6768780220378,0.65,0.35,0.6377406410465634
scn_0065,prt_0065_00,extended_run_001,alt_005,0.730843059708,0.5350227232518355,0.730843059708,0.65,0.35,0.6035598410114931,0.7458309981307513,0.730843059708,0.7,0.30000000000000004,0.7413346166039259,0.5049373827851524,0.730843059708,0.7,0.30000000000000004,0.5727090858620068,0.8870152760716608,0.730843059708,0.6,0.4,0.8245463895261964,0.48334166666666667,0.730843059708,0.6,0.4,0.5823422238832,0.6833333333333333,0.730843059708,0.65,0.35,0.6999617375644667
scn_0066,prt_0066_00,extended_run_001,alt_006,0.792531102972,0.43896424315387444,0.792531102972,0.65,0.35,0.5627126440902184,0.7720898097937186,0.792531102972,0.7,0.30000000000000004,0.778222197747203,0.8384599364796559,0.792531102972,0.7,0.30000000000000004,0.8246812864273592,0.8616584785443938,0.792531102972,0.6,0.4,0.8340075283154362,0.40000833333333335,0.792531102972,0.6,0.4,0.5570174411888,0.5125,0.792531102972,0.65,0.35,0.6105108860402
scn_0067,prt_0067_00,extended_run_001,alt_007,0.76383977609585,0.410422715810745,0.76383977609585,0.65,0.35,0.5341186869105318,0.6147779282939543,0.76383977609585,0.7,0.30000000000000004,0.659496482634523,0.6092834358499175,0.76383977609585,0.7,0.30000000000000004,0.6556503379236973,0.8397952953465455,0.76383977609585,0.6,0.4,0.8094130876462673,0.40000833333333335,0.76383977609585,0.6,0.4,0.54554091043834,0.47500000000000003,0.76383977609585,0.65,0.35,0.5760939216335474
scn_0068,prt_0068_00,extended_run_001,alt_008,0.011747397597449971,0.5186721258477697,0.011747397597449971,0.65,0.35,0.34124847096015776,0.40724446246232116,0.011747397597449971,0.7,0.30000000000000004,0.2885953430028598,0.32542977870682754,0.011747397597449971,0.7,0.30000000000000004,0.23132506437401426,0.831628343369546,0.011747397597449971,0.6,0.4,0.5036759650607077,0.40000833333333335,0.011747397597449971,0.6,0.4,0.24470395903897998,0.48750000000000004,0.011747397597449971,0.65,0.35,0.3209865891591075
scn_0069,prt_0069_00,extended_run_001,alt_009,0.011614220449299939,0.4923626077563389,0.011614220449299939,0.65,0.35,0.32410067219887523,0.1659305052535187,0.011614220449299939,0.7,0.30000000000000004,0.11963561981225307,0.04479540559942574,0.011614220449299939,0.7,0.30000000000000004,0.034841050054388,0.8346018596934398,0.011614220449299939,0.6,0.4,0.5054068039957839,0.40000833333333335,0.011614220449299939,0.6,0.4,0.24465068817971997,0.45000000000000007,0.011614220449299939,0.65,0.35,0.296564977157255
scn_0070,prt_0070_00,extended_run_001,alt_010,0.97696782000715,0.9033413170187768,0.97696782000715,0.65,0.35,0.9291105930647074,0.8925718231173436,0.97696782000715,0.7,0.30000000000000004,0.9178906221842855,0.7065238726340444,0.97696782000715,0.7,0.30000000000000004,0.7876570568459761,0.9498927651300462,0.97696782000715,0.6,0.4,0.9607227870808877,0.7500083333333334,0.97696782000715,0.6,0.4,0.8407921280028601,0.65,0.97696782000715,0.65,0.35,0.7644387370025025
scn_0071,prt_0071_00,extended_run_001,alt_011,0.86378180990365,0.8698779894369656,0.86378180990365,0.65,0.35,0.8677443266003051,0.7862700768904637,0.86378180990365,0.7,0.30000000000000004,0.8095235967944197,0.49765240807537603,0.86378180990365,0.7,0.30000000000000004,0.6074912286238583,0.9295758775997309,0.86378180990365,0.6,0.4,0.9032582505212986,0.7500083333333334,0.86378180990365,0.6,0.4,0.79551772396146,0.6125,0.86378180990365,0.65,0.35,0.7004486334662776
scn_0072,prt_0072_00,extended_run_001,alt_000,0.97744536495925,0.8827954520182043,0.97744536495925,0.65,0.35,0.9159229215475704,0.8971234558871013,0.97744536495925,0.7,0.30000000000000004,0.921220028608746,0.8527430714908387,0.97744536495925,0.7,0.30000000000000004,0.8901537595313622,0.8682317704445978,0.97744536495925,0.6,0.4,0.9119172082504587,0.7500083333333334,0.97744536495925,0.6,0.4,0.8409831459837,0.575,0.97744536495925,0.65,0.35,0.7158558777357374
scn_0073,prt_0073_00,extended_run_001,alt_001,0.9036977287748,0.8562143684905877,0.9036977287748,0.65,0.35,0.872833544590062,0.758298966338382,0.9036977287748,0.7,0.30000000000000004,0.8019185950693074,0.6239810432670467,0.9036977287748,0.7,0.30000000000000004,0.7078960489193727,0.8503420201183476,0.9036977287748,0.6,0.4,0.8716843035809285,0.7500083333333334,0.9036977287748,0.6,0.4,0.81148409150992,0.5375,0.9036977287748,0.65,0.35,0.66566920507118
scn_0074,prt_0074_00,extended_run_001,alt_002,0.5087114506354999,0.8267184826145767,0.5087114506354999,0.65,0.35,0.7154160214218999,0.6216926189924584,0.5087114506354999,0.7,0.30000000000000004,0.5877982684853709,0.3946005086887223,0.5087114506354999,0.7,0.30000000000000004,0.4288337912727556,0.8265316854375073,0.5087114506354999,0.6,0.4,0.6994035915167044,0.7500083333333334,0.5087114506354999,0.6,0.4,0.6534895802542,0.5,0.5087114506354999,0.65,0.35,0.503049007722425
scn_0075,prt_0075_00,extended_run_001,alt_003,0.7447645414612001,0.9684717607973422,0.7447645414612001,0.65,0.35,0.8901742340296924,0.5640170736769664,0.7447645414612001,0.7,0.30000000000000004,0.6182413140122365,0.3488367349259488,0.7447645414612001,0.7,0.30000000000000004,0.4676150768865242,0.7395528683914511,0.7447645414612001,0.6,0.4,0.7416375376193507,0.7500083333333334,0.7447645414612001,0.6,0.4,0.7479108165844801,0.65,0.7447645414612001,0.65,0.35,0.68316758951142
scn_0076,prt_0076_00,extended_run_001,alt_004,0.6100165498572501,0.8920881626107341,0.6100165498572501,0.65,0.35,0.7933630981470147,0.3582379910095611,0.6100165498572501,0.7,0.30000000000000004,0.4337715586638678,0.11428250819996283,0.6100165498572501,0.7,0.30000000000000004,0.26300272069714903,0.2067029416777322,0.6100165498572501,0.6,0.4,0.3680283849495394,0.7500083333333334,0.6100165498572501,0.6,0.4,0.6940116199429001,0.6125,0.6100165498572501,0.65,0.35,0.6116307924500376
scn_0077,prt_0077_00,extended_run_001,alt_005,0.747633711561,0.7358464082799723,0.747633711561,0.65,0.35,0.739971964428332,0.9253563832035101,0.747633711561,0.7,0.30000000000000004,0.8720395817107571,0.8900981497482963,0.747633711561,0.7,0.30000000000000004,0.8473588182921075,0.15197019775324283,0.747633711561,0.6,0.4,0.3902356032763457,0.6166750000000001,0.747633711561,0.6,0.4,0.6690584846244001,0.4416666666666667,0.747633711561,0.65,0.35,0.5487551323796833
scn_0078,prt_0078_00,extended_run_001,alt_006,0.4097874034232,0.632098653050903,0.4097874034232,0.65,0.35,0.554289715681207,0.7733073773357487,0.4097874034232,0.7,0.30000000000000004,0.6642513851619841,0.6815166535771933,0.4097874034232,0.7,0.30000000000000004,0.5999978785309953,0.11402127348614609,0.4097874034232,0.6,0.4,0.23232772546096767,0.533325,0.4097874034232,0.6,0.4,0.48390996136928005,0.3208333333333333,0.4097874034232,0.65,0.35,0.35196725786478666
scn_0079,prt_0079_00,extended_run_001,alt_007,0.29462154550700004,0.597119731701426,0.29462154550700004,0.65,0.35,0.4912453665333769,0.6634471625840154,0.29462154550700004,0.7,0.30000000000000004,0.5527994774609107,0.4885381606808648,0.29462154550700004,0.7,0.30000000000000004,0.43036317612870534,0.0882770495751023,0.29462154550700004,0.6,0.4,0.1708148479478614,0.533325,0.29462154550700004,0.6,0.4,0.43784361820280004,0.2833333333333333,0.29462154550700004,0.65,0.35,0.28728420759411666
scn_0080,prt_0080_00,extended_run_001,alt_008,0.6158224834603,0.7236110323705484,0.6158224834603,0.65,0.35,0.6858850402519614,0.7509288345663874,0.6158224834603,0.7,0.30000000000000004,0.7103969292345611,0.7063247305715572,0.6158224834603,0.7,0.30000000000000004,0.6791740564381801,0.17820615635225953,0.6158224834603,0.6,0.4,0.35325268719547576,0.533325,0.6158224834603,0.6,0.4,0.56632399338412,0.43333333333333335,0.6158224834603,0.65,0.35,0.4972045358777717
scn_0081,prt_0081_00,extended_run_001,alt_009,0.5788907970691,0.6988416782529144,0.5788907970691,0.65,0.35,0.6568588698385793,0.5972413985288124,0.5788907970691,0.7,0.30000000000000004,0.5917362180908987,0.4795437782886877,0.5788907970691,0.7,0.30000000000000004,0.5093478839228114,0.17274660644821274,0.5788907970691,0.6,0.4,0.33520428269656766,0.533325,0.5788907970691,0.6,0.4,0.55155131882764,0.3958333333333333,0.5788907970691,0.65,0.35,0.4599034456408516
scn_0082,prt_0082_00,extended_run_001,alt_010,0.01418118028524995,0.670796727707382,0.01418118028524995,0.65,0.35,0.4409812861096358,0.3756999054330306,0.01418118028524995,0.7,0.30000000000000004,0.2672442878886964,0.19606736188459978,0.01418118028524995,0.7,0.30000000000000004,0.1415015074047948,0.15840909959060517,0.01418118028524995,0.6,0.4,0.10071793186846308,0.533325,0.01418118028524995,0.6,0.4,0.3256674721141,0.35833333333333334,0.01418118028524995,0.65,0.35,0.23788007976650416
scn_0083,prt_0083_00,extended_run_001,alt_011,0.013684211052799988,0.642588837900138,0.013684211052799988,0.65,0.35,0.4224722185035697,0.3443478549661038,0.013684211052799988,0.7,0.30000000000000004,0.24514876179211265,0.4713226387998352,0.013684211052799988,0.7,0.30000000000000004,0.33403111047572465,0.13497039314786058,0.013684211052799988,0.6,0.4,0.08645592030983634,0.533325,0.013684211052799988,0.6,0.4,0.32546868442112004,0.3208333333333333,0.013684211052799988,0.65,0.35,0.21333114053514665
scn_0084,prt_0084_00,extended_run_001,alt_000,0.30240707845225,0.5573478329198487,0.30240707845225,0.65,0.35,0.4681185688561892,0.7515979568443927,0.30240707845225,0.7,0.30000000000000004,0.6168406933267498,0.6895767362984968,0.30240707845225,0.7,0.30000000000000004,0.5734258389446227,0.11553633761154336,0.30240707845225,0.6,0.4,0.19028463394782602,0.40832499999999994,0.30240707845225,0.6,0.4,0.3659578313809,0.2833333333333333,0.30240707845225,0.65,0.35,0.29000914412495415
scn_0085,prt_0085_00,extended_run_001,alt_001,0.011931773347950037,0.16943364965987945,0.011931773347950037,0.65,0.35,0.11430799295070415,0.8319214424516239,0.011931773347950037,0.7,0.30000000000000004,0.5859245417205217,0.9265815941314286,0.011931773347950037,0.7,0.30000000000000004,0.6521866478963849,0.1297537945421563,0.011931773347950037,0.6,0.4,0.0826249860644738,0.40832499999999994,0.011931773347950037,0.6,0.4,0.24976770933917997,0.23333333333333334,0.011931773347950037,0.65,0.35,0.1558427873384492
scn_0086,prt_0086_00,extended_run_001,alt_002,0.011385443358750025,0.13647336471938365,0.011385443358750025,0.65,0.35,0.09269259224316188,0.7017867883293338,0.011385443358750025,0.7,0.30000000000000004,0.4946663848381586,0.7337993927624545,0.011385443358750025,0.7,0.30000000000000004,0.5170752079413432,0.10646382723370318,0.011385443358750025,0.6,0.4,0.06843247368372192,0.40832499999999994,0.011385443358750025,0.6,0.4,0.24954917734349996,0.19583333333333333,0.011385443358750025,0.65,0.35,0.13127657184222918
scn_0087,prt_0087_00,extended_run_001,alt_003,0.010998783985299965,0.10590414878606681,0.010998783985299965,0.65,0.35,0.07268727110579842,0.512082661848601,0.010998783985299965,0.7,0.30000000000000004,0.36175749848961064,0.509136829456437,0.010998783985299965,0.7,0.30000000000000004,0.3596954158150959,0.10892563587525975,0.010998783985299965,0.6,0.4,0.06975489511927582,0.40832499999999994,0.010998783985299965,0.6,0.4,0.24939451359411996,0.15833333333333333,0.010998783985299965,0.65,0.35,0.10676624106152166
scn_0088,prt_0088_00,extended_run_001,alt_004,0.011585451159249971,0.27623485800362757,0.011585451159249971,0.65,0.35,0.1836075656080954,0.3804036352542906,0.011585451159249971,0.7,0.30000000000000004,0.2697581800257784,0.2795035581574914,0.011585451159249971,0.7,0.30000000000000004,0.19912812605801894,0.17674922954427633,0.011585451159249971,0.6,0.4,0.11068371819026578,0.6583249999999999,0.011585451159249971,0.6,0.4,0.39962918046369994,0.5208333333333334,0.011585451159249971,0.65,0.35,0.34259657457240417
scn_0089,prt_0089_00,extended_run_001,alt_005,0.011321065454300006,0.2507477952332167,0.011321065454300006,0.65,0.35,0.16694843981059587,0.3389944542808952,0.011321065454300006,0.7,0.30000000000000004,0.24069243763291662,0.5563267765201606,0.011321065454300006,0.7,0.30000000000000004,0.3928250632004024,0.16419660315596263,0.011321065454300006,0.6,0.4,0.10304638807529758,0.6583249999999999,0.011321065454300006,0.6,0.4,0.39952342618171993,0.48333333333333334,0.011321065454300006,0.65,0.35,0.31812903957567173
scn_0090,prt_0090_00,extended_run_001,alt_006,0.011998150115950013,0.3147997362795011,0.011998150115950013,0.65,0.35,0.20881918112225822,0.1978449440404535,0.011998150115950013,0.7,0.30000000000000004,0.14209090586310244,0.14562557031775164,0.011998150115950013,0.7,0.30000000000000004,0.10553734425721115,0.33764765215977655,0.011998150115950013,0.6,0.4,0.20738785134224594,0.6583249999999999,0.011998150115950013,0.6,0.4,0.3997942600463799,0.6333333333333333,0.011998150115950013,0.65,0.35,0.4158660192072492
scn_0091,prt_0091_00,extended_run_001,alt_007,0.013132494709799991,0.17120127814908281,0.013132494709799991,0.65,0.35,0.11587720394533382,0.8385071100074406,0.013132494709799991,0.7,0.30000000000000004,0.5908947254181484,0.9217478604818146,0.013132494709799991,0.7,0.30000000000000004,0.6491632507502101,0.2835002328160909,0.013132494709799991,0.6,0.4,0.1753531375735745,0.375,0.013132494709799991,0.6,0.4,0.23025299788391998,0.5125,0.013132494709799991,0.65,0.35,0.33772137314843
scn_0092,prt_0092_00,extended_run_001,alt_008,0.011750096856650016,0.1424231009258486,0.011750096856650016,0.65,0.35,0.0966875495016291,0.7083476374583193,0.011750096856650016,0.7,0.30000000000000004,0.4993683752778185,0.7122823122180097,0.011750096856650016,0.7,0.30000000000000004,0.5021226476096018,0.2630709386240169,0.011750096856650016,0.6,0.4,0.16254260191707015,0.375,0.011750096856650016,0.6,0.4,0.22970003874265998,0.47500000000000003,0.011750096856650016,0.65,0.35,0.31286253389982754
scn_0093,prt_0093_00,extended_run_001,alt_009,0.011609689488450037,0.1129621306059187,0.011609689488450037,0.65,0.35,0.07748877621480467,0.5757611217704819,0.011609689488450037,0.7,0.30000000000000004,0.4065156920858723,0.5200544295890697,0.011609689488450037,0.7,0.30000000000000004,0.3675210075588838,0.2455285132548882,0.011609689488450037,0.6,0.4,0.1519609837483129,0.375,0.011609689488450037,0.6,0.4,0.22964387579537998,0.4375,0.011609689488450037,0.65,0.35,0.2884383913209575
scn_0094,prt_0094_00,extended_run_001,alt_010,0.01124231496010003,0.0810868142414225,0.01124231496010003,0.65,0.35,0.056641239492959634,0.40173412482081394,0.01124231496010003,0.7,0.30000000000000004,0.2845865818625998,0.2915284578577346,0.01124231496010003,0.7,0.30000000000000004,0.20744261498844424,0.22503827040735716,0.01124231496010003,0.6,0.4,0.1395198882284543,0.375,0.01124231496010003,0.6,0.4,0.22949692598403998,0.4,0.01124231496010003,0.65,0.35,0.26393481023603504
scn_0095,prt_0095_00,extended_run_001,alt_011,0.011634262068199952,0.1649475141043466,0.011634262068199952,0.65,0.35,0.11128787589169528,0.5043977722176898,0.011634262068199952,0.7,0.30000000000000004,0.3565687191728428,0.49272922892442295,0.011634262068199952,0.7,0.30000000000000004,0.348400738867556,0.4444532060049839,0.011634262068199952,0.6,0.4,0.2713256284302703,0.375,0.011634262068199952,0.6,0.4,0.22965370482727995,0.55,0.011634262068199952,0.65,0.35,0.36157199172387
scn_0096,prt_0096_00,extended_run_001,alt_000,0.01124373551875002,0.19009318032640954,0.01124373551875002,0.65,0.35,0.12749587464372872,0.2401847891502984,0.01124373551875002,0.7,0.30000000000000004,0.17150247306083388,0.21001623180527185,0.01124373551875002,0.7,0.30000000000000004,0.15038448291931528,0.472285037333454,0.01124373551875002,0.6,0.4,0.2878685166075724,0.375,0.01124373551875002,0.6,0.4,0.22949749420749999,0.5125,0.01124373551875002,0.65,0.35,0.3370603074315625
scn_0097,prt_0097_00,extended_run_001,alt_001,0.011302584981999986,0.163702192604123,0.011302584981999986,0.65,0.35,0.11036232993637995,0.20117923968916948,0.011302584981999986,0.7,0.30000000000000004,0.14421624327701862,0.48577191556543303,0.011302584981999986,0.7,0.30000000000000004,0.3434311163904031,0.453012509545319,0.011302584981999986,0.6,0.4,0.27632853971999144,0.375,0.011302584981999986,0.6,0.4,0.22952103399279997,0.47500000000000003,0.011302584981999986,0.65,0.35,0.3127059047437
scn_0098,prt_0098_00,extended_run_001,alt_002,0.011422274812800004,0.07527611300799728,0.011422274812800004,0.65,0.35,0.052927269639678226,0.6952677698385564,0.011422274812800004,0.7,0.30000000000000004,0.49011412133082943,0.700894001379843,0.011422274812800004,0.7,0.30000000000000004,0.49405248340973007,0.413586865278905,0.011422274812800004,0.6,0.4,0.25272102909246297,0.25,0.011422274812800004,0.6,0.4,0.15456890992511998,0.4375,0.011422274812800004,0.65,0.35,0.28837279618448
scn_0099,prt_0099_00,extended_run_001,alt_003,0.011244602113850033,0.0,0.011244602113850033,0.65,0.35,0.003935610739847511,0.5429731230055578,0.011244602113850033,0.7,0.30000000000000004,0.3834545667380454,0.49362383872493665,0.011244602113850033,0.7,0.30000000000000004,0.3489100677416106,0.38912635920509936,0.011244602113850033,0.6,0.4,0.2379736563685996,0.16666666666666669,0.011244602113850033,0.6,0.4,0.10449784084554002,0.26666666666666666,0.011244602113850033,0.65,0.35,0.17726894407318086
scn_0100,prt_0100_00,extended_run_001,alt_004,0.012191325417150012,0.14003465692233227,0.012191325417150012,0.65,0.35,0.09528949089551848,0.6068344889135842,0.012191325417150012,0.7,0.30000000000000004,0.4284415398646539,0.538010236976633,0.012191325417150012,0.7,0.30000000000000004,0.38026456350878807,0.2922725989640206,0.012191325417150012,0.6,0.4,0.18024008954527235,0.16666666666666669,0.012191325417150012,0.6,0.4,0.10487653016686001,0.41666666666666663,0.012191325417150012,0.65,0.35,0.2751002972293358
scn_0101,prt_0101_00,extended_run_001,alt_005,0.011630231666350022,0.10986373696208794,0.011630231666350022,0.65,0.35,0.07548201010857966,0.6570304607865218,0.011630231666350022,0.7,0.30000000000000004,0.46341039205047024,0.8686804716550602,0.011630231666350022,0.7,0.30000000000000004,0.6115653996584471,0.2668411769451734,0.011630231666350022,0.6,0.4,0.16475679883364405,0.16666666666666669,0.011630231666350022,0.6,0.4,0.10465209266654002,0.37916666666666665,0.011630231666350022,0.65,0.35,0.25052891441655584
scn_0102,prt_0102_00,extended_run_001,alt_006,0.011234658313000023,0.10941978053250882,0.011234658313000023,0.65,0.35,0.07505498775568074,0.4876917809656066,0.011234658313000023,0.7,0.30000000000000004,0.3447546441698246,0.642716850552236,0.011234658313000023,0.7,0.30000000000000004,0.4532721928804652,0.27093848433760137,0.011234658313000023,0.6,0.4,0.16705695392776085,0.16666666666666669,0.011234658313000023,0.6,0.4,0.10449386332520001,0.3416666666666667,0.011234658313000023,0.65,0.35,0.22601546374288337
scn_0103,prt_0103_00,extended_run_001,alt_007,0.010839182043049955,0.07559307253370597,0.010839182043049955,0.65,0.35,0.05292921086197636,0.2276795454066147,0.010839182043049955,0.7,0.30000000000000004,0.16262743639754526,0.35849235717891803,0.010839182043049955,0.7,0.30000000000000004,0.2541964046381576,0.2480420168693901,0.010839182043049955,0.6,0.4,0.15316088293885402,0.16666666666666669,0.010839182043049955,0.6,0.4,0.10433567281721999,0.30416666666666664,0.010839182043049955,0.65,0.35,0.2015020470484008
scn_0104,prt_0104_00,extended_run_001,alt_008,0.14110710403900006,0.2712656100719027,0.14110710403900006,0.65,0.35,0.22571013296038678,0.1376357254989657,0.14110710403900006,0.7,0.30000000000000004,0.138677139060976,0.07391504571599358,0.14110710403900006,0.7,0.30000000000000004,0.09407266321289554,0.3249252051258701,0.14110710403900006,0.6,0.4,0.2513979646911221,0.6416666666666666,0.14110710403900006,0.6,0.4,0.4414428416156,0.5166666666666666,0.14110710403900006,0.65,0.35,0.38522081974698336
scn_0105,prt_0105_00,extended_run_001,alt_009,0.977501896007,0.7787212684695276,0.977501896007,0.65,0.35,0.848294488107643,0.9032766539669753,0.977501896007,0.7,0.30000000000000004,0.9255442265789828,0.7397404443702285,0.977501896007,0.7,0.30000000000000004,0.81106887986126,0.47025227300919126,0.977501896007,0.6,0.4,0.6731521222083148,0.9166666666666667,0.977501896007,0.6,0.4,0.9410007584028001,0.7666666666666666,0.977501896007,0.65,0.35,0.8404589969357833
scn_0106,prt_0106_00,extended_run_001,alt_010,0.9776090064078,0.7486033684277767,0.9776090064078,0.65,0.35,0.8287553417207849,0.7917676422975422,0.9776090064078,0.7,0.30000000000000004,0.8475200515306195,0.5302684915976492,0.9776090064078,0.7,0.30000000000000004,0.6644706460406945,0.4489082161739699,0.9776090064078,0.6,0.4,0.660388532267502,0.9166666666666667,0.9776090064078,0.6,0.4,0.9410436025631201,0.7291666666666665,0.9776090064078,0.65,0.35,0.8161214855760632
scn_0107,prt_0107_00,extended_run_001,alt_011,0.97755646773295,0.7206528192005374,0.97755646773295,0.65,0.35,0.8105690961868818,0.8656232945741212,0.97755646773295,0.7,0.30000000000000004,0.8992032465217699,0.8981131250499419,0.97755646773295,0.7,0.30000000000000004,0.9219461278548444,0.43101046728837156,0.97755646773295,0.6,0.4,0.649628867466203,0.9166666666666667,0.97755646773295,0.6,0.4,0.9410225870931801,0.6916666666666665,0.97755646773295,0.65,0.35,0.7917280970398657
scn_0108,prt_0108_00,extended_run_001,alt_000,0.9776434512279499,0.6828741875208589,0.9776434512279499,0.65,0.35,0.7860434298183407,0.7610584950814351,0.9776434512279499,0.7,0.30000000000000004,0.8260339819253896,0.6568306499836187,0.9776434512279499,0.7,0.30000000000000004,0.7530744903569181,0.3338345042775776,0.9776434512279499,0.6,0.4,0.5913580830577265,0.9166666666666667,0.9776434512279499,0.6,0.4,0.94105738049118,0.6541666666666666,0.9776434512279499,0.65,0.35,0.7673835412631158
scn_0109,prt_0109_00,extended_run_001,alt_001,0.74631834048035,0.6530886318462499,0.74631834048035,0.65,0.35,0.6857190298681849,0.6133734697766389,0.74631834048035,0.7,0.30000000000000004,0.6532569309877523,0.42793384202205564,0.74631834048035,0.7,0.30000000000000004,0.523449191559544,0.3125591073671425,0.74631834048035,0.6,0.4,0.48606280061242546,0.9166666666666667,0.74631834048035,0.6,0.4,0.84852733619214,0.6166666666666666,0.74631834048035,0.65,0.35,0.6620447525014558
scn_0110,prt_0110_00,extended_run_001,alt_002,0.87279953268695,0.6553239079601171,0.87279953268695,0.65,0.35,0.7314403766145086,0.6177139012052036,0.87279953268695,0.7,0.30000000000000004,0.6942395906497276,0.59069043730979,0.87279953268695,0.7,0.30000000000000004,0.675323165922938,0.3477524056717216,0.87279953268695,0.6,0.4,0.557771256477813,0.8333333333333333,0.87279953268695,0.6,0.4,0.8491198130747799,0.6333333333333334,0.87279953268695,0.65,0.35,0.7171465031070992
scn_0111,prt_0111_00,extended_run_001,alt_003,0.5278691916328,0.6213394333745776,0.5278691916328,0.65,0.35,0.5886248487649555,0.3888830895784615,0.5278691916328,0.7,0.30000000000000004,0.43057892019476307,0.3077272367681761,0.5278691916328,0.7,0.30000000000000004,0.37376982322756325,0.3319564086393059,0.5278691916328,0.6,0.4,0.41032152183670356,0.8333333333333333,0.5278691916328,0.6,0.4,0.71114767665312,0.5958333333333334,0.5278691916328,0.65,0.35,0.5720458837381468
scn_0112,prt_0112_00,extended_run_001,alt_004,0.977711911371,0.586345793101127,0.977711911371,0.65,0.35,0.7233239344955825,0.8180733635411007,0.977711911371,0.7,0.30000000000000004,0.8659649278900705,0.5225259937386924,0.977711911371,0.7,0.30000000000000004,0.6590817690283847,0.3289673211444314,0.977711911371,0.6,0.4,0.5884651572350589,0.7833333333333333,0.977711911371,0.6,0.4,0.8610847645484,0.5583333333333333,0.977711911371,0.65,0.35,0.7051158356465166
scn_0113,prt_0113_00,extended_run_001,alt_005,0.9777888396137999,0.55882457589681,0.9777888396137999,0.65,0.35,0.7054620681977565,0.8975715682170587,0.9777888396137999,0.7,0.30000000000000004,0.9216367496360811,0.8730136666608124,0.9777888396137999,0.7,0.30000000000000004,0.9044462185467087,0.30753765531232646,0.9777888396137999,0.6,0.4,0.5756381290329159,0.7833333333333333,0.9777888396137999,0.6,0.4,0.86111553584552,0.5208333333333334,0.9777888396137999,0.65,0.35,0.6807677605314966
scn_0114,prt_0114_00,extended_run_001,alt_006,0.9754795190809,0.5477809148252535,0.9754795190809,0.65,0.35,0.6974754263147298,0.7730888867803116,0.9754795190809,0.7,0.30000000000000004,0.8338060764704882,0.6657999491991728,0.9754795190809,0.7,0.30000000000000004,0.758703820163691,0.4718606120647392,0.9754795190809,0.6,0.4,0.6733081748712035,0.7833333333333333,0.9754795190809,0.6,0.4,0.86019180763236,0.4833333333333334,0.9754795190809,0.65,0.35,0.6555844983449817
scn_0115,prt_0115_00,extended_run_001,alt_007,0.97494398251095,0.623614916295771,0.97494398251095,0.65,0.35,0.7465800894710837,0.8641521734977231,0.97494398251095,0.7,0.30000000000000004,0.8973897162016913,0.883857273951108,0.97494398251095,0.7,0.30000000000000004,0.9111832865190606,0.7272932227888996,0.97494398251095,0.6,0.4,0.8263535266777198,0.7833333333333333,0.97494398251095,0.6,0.4,0.85997759300438,0.6333333333333334,0.97494398251095,0.65,0.35,0.7528970605454992
scn_0116,prt_0116_00,extended_run_001,alt_008,0.9748564358838,0.5932797639050715,0.9748564358838,0.65,0.35,0.7268315990976265,0.7125604210446654,0.9748564358838,0.7,0.30000000000000004,0.7912492254964059,0.6542573631084908,0.9748564358838,0.7,0.30000000000000004,0.7504370849410835,0.7018288563455992,0.9748564358838,0.6,0.4,0.8110398881608796,0.7833333333333333,0.9748564358838,0.6,0.4,0.8599425743535201,0.5958333333333334,0.9748564358838,0.65,0.35,0.7284914192259968
scn_0117,prt_0117_00,extended_run_001,alt_009,0.013170886228650036,0.49432319887156634,0.013170886228650036,0.65,0.35,0.3259198894465456,0.4266211473862648,0.013170886228650036,0.7,0.30000000000000004,0.30258606903898033,0.37196777620221855,0.013170886228650036,0.7,0.30000000000000004,0.264328709210148,0.6743466427356263,0.013170886228650036,0.6,0.4,0.40987634013283575,0.7000083333333333,0.013170886228650036,0.6,0.4,0.42527335449146003,0.47500000000000003,0.013170886228650036,0.65,0.35,0.31335981018002756
scn_0118,prt_0118_00,extended_run_001,alt_010,0.012550609501499999,0.4607318475841244,0.012550609501499999,0.65,0.35,0.30386841425520583,0.19189048394847621,0.012550609501499999,0.7,0.30000000000000004,0.13808852161438334,0.08765094388114711,0.012550609501499999,0.7,0.30000000000000004,0.06512084356725296,0.6513230116135502,0.012550609501499999,0.6,0.4,0.3958140507687301,0.7000083333333333,0.012550609501499999,0.6,0.4,0.4250252438006,0.4375,0.012550609501499999,0.65,0.35,0.288767713325525
scn_0119,prt_0119_00,extended_run_001,alt_011,0.48728110175399997,0.40050291289481704,0.48728110175399997,0.65,0.35,0.430875278995531,0.8507125978756673,0.48728110175399997,0.7,0.30000000000000004,0.7416831490391671,0.8638129990103126,0.48728110175399997,0.7,0.30000000000000004,0.7508534298334189,0.6236713894174183,0.48728110175399997,0.6,0.4,0.569115274352051,0.6500083333333333,0.48728110175399997,0.6,0.4,0.5849174407016,0.4,0.48728110175399997,0.65,0.35,0.43054838561389996
scn_0120,prt_0120_00,extended_run_001,alt_000,0.8055585917988,0.5277545967852597,0.8055585917988,0.65,0.35,0.6249859950399987,0.7762930238125988,0.8055585917988,0.7,0.30000000000000004,0.7850726942084592,0.5431562314245875,0.8055585917988,0.7,0.30000000000000004,0.6218769395368513,0.7280637620500742,0.8055585917988,0.6,0.4,0.7590616939495645,0.6500083333333333,0.8055585917988,0.6,0.4,0.71222843671952,0.55,0.8055585917988,0.65,0.35,0.6394455071295799
scn_0121,prt_0121_00,extended_run_001,alt_001,0.5604568911985,0.4329259201625973,0.5604568911985,0.65,0.35,0.4775617600251632,0.8493985764450621,0.5604568911985,0.7,0.30000000000000004,0.7627160708710935,0.9107981688407514,0.5604568911985,0.7,0.30000000000000004,0.805695785548076,0.6923649231356472,0.5604568911985,0.6,0.4,0.6396017103607883,0.566675,0.5604568911985,0.6,0.4,0.5641877564794,0.3791666666666667,0.5604568911985,0.65,0.35,0.44261824525280835
scn_0122,prt_0122_00,extended_run_001,alt_002,0.43243597293899994,0.4038735911656897,0.43243597293899994,0.65,0.35,0.4138704247863483,0.6927669119014805,0.43243597293899994,0.7,0.30000000000000004,0.6146676302127363,0.6814612704381453,0.43243597293899994,0.7,0.30000000000000004,0.6067536811884017,0.6691666903875749,0.43243597293899994,0.6,0.4,0.5744744034081449,0.566675,0.43243597293899994,0.6,0.4,0.5129793891756,0.34166666666666673,0.43243597293899994,0.65,0.35,0.3734359238619833
scn_0123,prt_0123_00,extended_run_001,alt_003,0.013592604056399948,0.37869818206252076,0.013592604056399948,0.65,0.35,0.2509112297603785,0.5170224910061307,0.013592604056399948,0.7,0.30000000000000004,0.36599352492121145,0.4571926280992942,0.013592604056399948,0.7,0.30000000000000004,0.3241126208864259,0.6778012406907107,0.013592604056399948,0.6,0.4,0.4121177860369864,0.566675,0.013592604056399948,0.6,0.4,0.34544204162256,0.3041666666666667,0.013592604056399948,0.65,0.35,0.20246574475307333
scn_0124,prt_0124_00,extended_run_001,alt_004,0.011182436992900058,0.34941049635425225,0.011182436992900058,0.65,0.35,0.231030675577779,0.2813287718617665,0.011182436992900058,0.7,0.30000000000000004,0.20028487140110657,0.17265508160147236,0.011182436992900058,0.7,0.30000000000000004,0.12421328821890067,0.6565018251398103,0.011182436992900058,0.6,0.4,0.3983740698810462,0.566675,0.011182436992900058,0.6,0.4,0.34447797479716,0.2666666666666667,0.011182436992900058,0.65,0.35,0.1772471862808484
scn_0125,prt_0125_00,extended_run_001,alt_005,0.1965315657315,0.4880588763832931,0.1965315657315,0.65,0.35,0.38602431765516554,0.22619655125750818,0.1965315657315,0.7,0.30000000000000004,0.21729705559970572,0.12400175715567843,0.1965315657315,0.7,0.30000000000000004,0.1457606997284249,0.5507276084001487,0.1965315657315,0.6,0.4,0.4090491913326892,0.566675,0.1965315657315,0.6,0.4,0.4186176262926,0.41666666666666674,0.1965315657315,0.65,0.35,0.3396193813393584
scn_0126,prt_0126_00,extended_run_001,alt_006,0.43621273294495,0.3881960124175132,0.43621273294495,0.65,0.35,0.40500186460211607,0.9245956627489408,0.43621273294495,0.7,0.30000000000000004,0.7780807838077436,0.8882708096037777,0.43621273294495,0.7,0.30000000000000004,0.7526533866061293,0.4395220337909557,0.43621273294495,0.6,0.4,0.43819831345255345,0.441675,0.43621273294495,0.6,0.4,0.43949009317798,0.3791666666666667,0.43621273294495,0.65,0.35,0.39913278986406586
scn_0127,prt_0127_00,extended_run_001,alt_007,0.32119606785700006,0.353328303579998,0.32119606785700006,0.65,0.35,0.34208202107694874,0.8033769677498018,0.32119606785700006,0.7,0.30000000000000004,0.6587226977819614,0.6784190827940382,0.32119606785700006,0.7,0.30000000000000004,0.5712521783129267,0.4127605094806946,0.32119606785700006,0.6,0.4,0.3761347328312168,0.441675,0.32119606785700006,0.6,0.4,0.39348342714280005,0.34166666666666673,0.32119606785700006,0.65,0.35,0.3345019570832834
scn_0128,prt_0128_00,extended_run_001,alt_008,0.40210138293790004,0.3758281465523648,0.40210138293790004,0.65,0.35,0.38502377928730214,0.6803208614874178,0.40210138293790004,0.7,0.30000000000000004,0.5968550179225625,0.48576004753098756,0.40210138293790004,0.7,0.30000000000000004,0.46066244815306134,0.42967547043396004,0.40210138293790004,0.6,0.4,0.418645835435536,0.441675,0.40210138293790004,0.6,0.4,0.42584555317516004,0.3041666666666667,0.40210138293790004,0.65,0.35,0.33844381736159834
scn_0129,prt_0129_00,extended_run_001,alt_009,0.012195039310000044,0.3509747364663876,0.012195039310000044,0.65,0.35,0.23240184246165196,0.5115774546081685,0.012195039310000044,0.7,0.30000000000000004,0.36176273001871795,0.2585017731401309,0.012195039310000044,0.7,0.30000000000000004,0.1846097529910916,0.42137185355589973,0.012195039310000044,0.6,0.4,0.25770112785753985,0.441675,0.012195039310000044,0.6,0.4,0.26988301572400003,0.2666666666666667,0.012195039310000044,0.65,0.35,0.17760159709183337
scn_0130,prt_0130_00,extended_run_001,alt_010,0.012229209855150025,0.35423669478196773,0.012229209855150025,0.65,0.35,0.23453407505758153,0.5622572661587752,0.012229209855150025,0.7,0.30000000000000004,0.39724884926768766,0.4766360945241128,0.012229209855150025,0.7,0.30000000000000004,0.33731402912342395,0.4564416785586032,0.012229209855150025,0.6,0.4,0.2787566910772219,0.283325,0.012229209855150025,0.6,0.4,0.17488668394206,0.33333333333333337,0.012229209855150025,0.65,0.35,0.2209468901159692
scn_0131,prt_0131_00,extended_run_001,alt_011,0.011049247924399985,0.3248067605118876,0.011049247924399985,0.65,0.35,0.21499163110626696,0.3169794427791517,0.011049247924399985,0.7,0.30000000000000004,0.22520038432272615,0.1918085796387257,0.011049247924399985,0.7,0.30000000000000004,0.13758078012442798,0.4334377322577023,0.011049247924399985,0.6,0.4,0.26448233852438136,0.283325,0.011049247924399985,0.6,0.4,0.17441469916975996,0.29583333333333334,0.011049247924399985,0.65,0.35,0.19615890344020667
scn_0132,prt_0132_00,extended_run_001,alt_000,0.01183525741780006,0.5044374959623,0.01183525741780006,0.65,0.35,0.3320267124717251,0.31325269368922526,0.01183525741780006,0.7,0.30000000000000004,0.2228274628077977,0.46916556530264886,0.01183525741780006,0.7,0.30000000000000004,0.3319664729371942,0.47774390934388516,0.01183525741780006,0.6,0.4,0.2913804485734511,0.533325,0.01183525741780006,0.6,0.4,0.32472910296712004,0.6583333333333333,0.01183525741780006,0.65,0.35,0.4320590067628967
scn_0133,prt_0133_00,extended_run_001,alt_001,0.013342861730999966,0.3255129341240202,0.013342861730999966,0.65,0.35,0.21625340878646312,0.766016005254373,0.013342861730999966,0.7,0.30000000000000004,0.5402140621973611,0.6679212285573476,0.013342861730999966,0.7,0.30000000000000004,0.47154771850944327,0.6111979179405529,0.013342861730999966,0.6,0.4,0.37205589545673173,0.40832500000000005,0.013342861730999966,0.6,0.4,0.2503321446924,0.5708333333333333,0.013342861730999966,0.65,0.35,0.3757116682725167
scn_0134,prt_0134_00,extended_run_001,alt_002,0.011949415134899943,0.29359882269721166,0.011949415134899943,0.65,0.35,0.19502153005040257,0.6446495167881016,0.011949415134899943,0.7,0.30000000000000004,0.45483948629214105,0.4581657119059772,0.011949415134899943,0.7,0.30000000000000004,0.324300822874654,0.5869257461115052,0.011949415134899943,0.6,0.4,0.35693521372086306,0.40832500000000005,0.011949415134899943,0.6,0.4,0.24977476605395998,0.5333333333333333,0.011949415134899943,0.65,0.35,0.35084896196388166
scn_0135,prt_0135_00,extended_run_001,alt_003,0.23347954704484997,0.3639342706693383,0.23347954704484997,0.65,0.35,0.3182751174007674,0.7727949232579205,0.23347954704484997,0.7,0.30000000000000004,0.6110003103939993,0.7143084434720339,0.23347954704484997,0.7,0.30000000000000004,0.5700597745438787,0.6496512910634742,0.23347954704484997,0.6,0.4,0.4831825934560245,0.40832500000000005,0.23347954704484997,0.6,0.4,0.33838681881794,0.6833333333333333,0.23347954704484997,0.65,0.35,0.5258845081323642
scn_0136,prt_0136_00,extended_run_001,alt_004,0.47634792604799997,0.5251479929438035,0.47634792604799997,0.65,0.35,0.5080679695302723,0.6284452047293835,0.47634792604799997,0.7,0.30000000000000004,0.5828160211249684,0.4860262706543876,0.47634792604799997,0.7,0.30000000000000004,0.48312276727247133,0.6795269018207546,0.47634792604799997,0.6,0.4,0.5982553115116527,0.40832500000000005,0.47634792604799997,0.6,0.4,0.4355341704192,0.6958333333333333,0.47634792604799997,0.65,0.35,0.6190134407834667
scn_0137,prt_0137_00,extended_run_001,alt_005,0.01179469322990001,0.4980987823309524,0.01179469322990001,0.65,0.35,0.32789235114558407,0.47260663444477574,0.01179469322990001,0.7,0.30000000000000004,0.334363052080313,0.2569228954460801,0.01179469322990001,0.7,0.30000000000000004,0.18338443478122607,0.659109299189528,0.01179469322990001,0.6,0.4,0.4001834568056768,0.40832500000000005,0.01179469322990001,0.6,0.4,0.24971287729196,0.6583333333333333,0.01179469322990001,0.65,0.35,0.4320448092971317
scn_0138,prt_0138_00,extended_run_001,alt_006,0.012556958738149993,0.4704883364833172,0.012556958738149993,0.65,0.35,0.3102123542725087,0.4292373377142138,0.012556958738149993,0.7,0.30000000000000004,0.30423322402139463,0.534800839393709,0.012556958738149993,0.7,0.30000000000000004,0.3781276751970413,0.6511563935503284,0.012556958738149993,0.6,0.4,0.395716619625457,0.40832500000000005,0.012556958738149993,0.6,0.4,0.25001778349526,0.6208333333333333,0.012556958738149993,0.65,0.35,0.4079366022250192
scn_0139,prt_0139_00,extended_run_001,alt_007,0.011319524013649995,0.4430201391974937,0.011319524013649995,0.65,0.35,0.29192492388314845,0.19393797779169752,0.011319524013649995,0.7,0.30000000000000004,0.13915244165828325,0.2508304206534696,0.011319524013649995,0.7,0.30000000000000004,0.1789771516615237,0.6343624618557301,0.011319524013649995,0.6,0.4,0.38514528671889803,0.40832500000000005,0.011319524013649995,0.6,0.4,0.24952280960546003,0.5833333333333334,0.011319524013649995,0.65,0.35,0.3831285000714442
scn_0140,prt_0140_00,extended_run_001,alt_008,0.8594254549789,0.9645375667238554,0.8594254549789,0.65,0.35,0.927748327613121,0.9313812390589641,0.8594254549789,0.7,0.30000000000000004,0.9097945038349449,0.9126589690570734,0.8594254549789,0.7,0.30000000000000004,0.8966889148336213,0.9526273513326935,0.8594254549789,0.6,0.4,0.9153465927911761,0.8333250000000001,0.8594254549789,0.6,0.4,0.84376518199156,0.8333333333333334,0.8594254549789,0.65,0.35,0.8424655759092817
scn_0141,prt_0141_00,extended_run_001,alt_009,0.8322115433149,0.9388539423043956,0.8322115433149,0.65,0.35,0.9015291026580721,0.8097964958004101,0.8322115433149,0.7,0.30000000000000004,0.8165210100547571,0.7075803208004499,0.8322115433149,0.7,0.30000000000000004,0.7449696875547849,0.9593381482884225,0.8322115433149,0.6,0.4,0.9084875062990134,0.8333250000000001,0.8322115433149,0.6,0.4,0.83287961732596,0.7958333333333334,0.8322115433149,0.65,0.35,0.8085657068268817
scn_0142,prt_0142_00,extended_run_001,alt_010,0.7424090830782,0.9046160066450828,0.7424090830782,0.65,0.35,0.8478435833966738,0.7055933271674121,0.7424090830782,0.7,0.30000000000000004,0.7166380539406485,0.5139807882514306,0.7424090830782,0.7,0.30000000000000004,0.5825092766994614,0.9304533461020742,0.7424090830782,0.6,0.4,0.8552356408925246,0.8333250000000001,0.7424090830782,0.6,0.4,0.79695863323128,0.7583333333333333,0.7424090830782,0.65,0.35,0.7527598457440366
scn_0143,prt_0143_00,extended_run_001,alt_011,0.2864641634672,0.730864535166966,0.2864641634672,0.65,0.35,0.575324405072048,0.508350446153532,0.2864641634672,0.7,0.30000000000000004,0.44178456134763233,0.28565885046868167,0.2864641634672,0.7,0.30000000000000004,0.28590044436823714,0.8717536704765071,0.2864641634672,0.6,0.4,0.6376378676727842,0.6666666666666667,0.2864641634672,0.6,0.4,0.51458566538688,0.5041666666666667,0.2864641634672,0.65,0.35,0.42797079054685333
scn_0144,prt_0144_00,extended_run_001,alt_000,0.52504416645025,0.7434199104999569,0.52504416645025,0.65,0.35,0.6669884000825594,0.5884074130926702,0.52504416645025,0.7,0.30000000000000004,0.5693984390999441,0.6049929345042352,0.52504416645025,0.7,0.30000000000000004,0.5810083040880396,0.8122600409337053,0.52504416645025,0.6,0.4,0.6973736911403232,0.6666666666666667,0.52504416645025,0.6,0.4,0.6100176665801,0.4666666666666667,0.52504416645025,0.65,0.35,0.48709879159092084
scn_0145,prt_0145_00,extended_run_001,alt_001,0.21753691329790004,0.820640188863766,0.21753691329790004,0.65,0.35,0.6095540424157129,0.41866186190794497,0.21753691329790004,0.7,0.30000000000000004,0.3583243773249315,0.20718167346212787,0.21753691329790004,0.7,0.30000000000000004,0.2102882454128595,0.8683453916210154,0.21753691329790004,0.6,0.4,0.6080220002917693,0.6666666666666667,0.21753691329790004,0.6,0.4,0.48701476531916005,0.6166666666666667,0.21753691329790004,0.65,0.35,0.47697125298759835
scn_0146,prt_0146_00,extended_run_001,alt_002,0.31023089972835,0.7915917393730897,0.31023089972835,0.65,0.35,0.6231154454974308,0.3869518605240818,0.31023089972835,0.7,0.30000000000000004,0.3639355722853623,0.48252422272880025,0.31023089972835,0.7,0.30000000000000004,0.43083622582866515,0.8449390188127146,0.31023089972835,0.6,0.4,0.6310557711789688,0.6666666666666667,0.31023089972835,0.6,0.4,0.5240923598913401,0.5791666666666666,0.31023089972835,0.65,0.35,0.4850391482382558
scn_0147,prt_0147_00,extended_run_001,alt_003,0.5445178347594499,0.7058205352078661,0.5445178347594499,0.65,0.35,0.6493645900509204,0.7985136868224241,0.5445178347594499,0.7,0.30000000000000004,0.7223149312035319,0.6998878636259855,0.5445178347594499,0.7,0.30000000000000004,0.6532768549660248,0.820106564533503,0.5445178347594499,0.6,0.4,0.7098710726238817,0.5416666666666667,0.5445178347594499,0.6,0.4,0.54280713390378,0.5416666666666666,0.5445178347594499,0.65,0.35,0.5426645754991408
scn_0148,prt_0148_00,extended_run_001,alt_004,0.500725079035,0.6770889120594068,0.500725079035,0.65,0.35,0.6153615705008644,0.6852089435244366,0.500725079035,0.7,0.30000000000000004,0.6298637841776056,0.4904159108534064,0.500725079035,0.7,0.30000000000000004,0.49350866130788446,0.799752705479204,0.500725079035,0.6,0.4,0.6801416549015223,0.5416666666666667,0.500725079035,0.6,0.4,0.525290031614,0.5041666666666667,0.500725079035,0.65,0.35,0.5029621109955833
scn_0149,prt_0149_00,extended_run_001,alt_005,0.32376389000425,0.6471055015670051,0.32376389000425,0.65,0.35,0.5339359375200408,0.5742341930704637,0.32376389000425,0.7,0.30000000000000004,0.4990931021505996,0.2969665003578648,0.32376389000425,0.7,0.30000000000000004,0.3050057172517804,0.7747504943850814,0.32376389000425,0.6,0.4,0.5943558526327488,0.5416666666666667,0.32376389000425,0.6,0.4,0.4545055560017,0.4666666666666667,0.32376389000425,0.65,0.35,0.4166506948348208
