scenario_id,protocol_id,run_id,alternative_id,prior_message_length_norm,prior_mean_complexity_norm,prior_mean_message_criticality_norm,prior_digit_ratio_norm,prior_control_marker_ratio_norm,prior_procedure_steps_norm,prior_total_nominal_time_norm,prior_operator_skill_norm,prior_operator_fatigue_norm,prior_operator_attention_norm,prior_operator_total_estimated_time_norm,prior_condition_noise_level_norm,prior_condition_time_pressure_norm,prior_condition_mean_adjusted_attention_norm,prior_condition_total_adjusted_time_norm,prior_control_intensity_norm,prior_expected_error_probability_norm,prior_symbol_group_count_norm,prior_alpha_ratio_norm,prior_message_entropy_estimate_norm,prior_operator_error_susceptibility_norm,prior_control_expected_detection_rate_norm,prior_procedure_branch_count_norm,prior_memory_load_index_norm,prior_time_pressure_index_norm,prior_condition_noise_adjustment_norm,prior_attention_deficit_norm,prior_manual_operation_count_norm,prior_verification_required_norm,prior_repetition_expected_count_norm
scn_0000,prt_0000_00,extended_run_001,alt_000,1.0,1.0,1.0,0.022904191616766472,0.0,0.7142857142857143,1.0,0.0,1.0,0.25,0.9608989342912853,1.0,1.0,0.2857142857142857,0.9975773803479743,0.0,0.9807909020036726,1.0,0.990153915799004,0.9996950444726811,1.0,0.0,1.0,0.8905958363244796,1.0,1.0,0.2857142857142857,0.9333333333333333,0.0,1.0
scn_0001,prt_0001_00,extended_run_001,alt_001,0.9285714285714286,0.75,1.0,0.0937125748502994,0.033927794693344934,0.4285714285714286,0.8511250587079972,0.0,1.0,0.25,0.8358423460129334,1.0,1.0,0.2857142857142857,0.8893420187099081,0.0,0.9056799665992987,0.9285714285714286,0.9277953825260299,0.8004066073697585,1.0,0.008155230596175478,0.9,0.688872936109117,1.0,1.0,0.2857142857142857,0.7333333333333334,0.0,1.0
scn_0002,prt_0002_00,extended_run_001,alt_002,0.8571428571428572,0.5,1.0,0.20449101796407188,0.0,0.1428571428571429,0.7062465308910807,0.0,1.0,0.25,0.7141421599570503,1.0,1.0,0.2857142857142857,0.7840115932559566,0.0,0.8231314635344888,0.8571428571428572,0.8528746038931644,0.5946124523506988,1.0,0.0,0.8,0.4798277099784638,1.0,1.0,0.2857142857142857,0.6,0.0,1.0
scn_0003,prt_0003_00,extended_run_001,alt_003,0.7142857142857143,0.25,1.0,0.32574850299401203,0.0969986950848195,1.0,0.751769779257931,0.0,1.0,0.25,0.7523824462204131,1.0,1.0,0.2857142857142857,0.8171082199098498,0.0,0.7430473706184672,0.7142857142857143,0.7359665006790402,0.37753494282083866,1.0,0.023481439820022487,0.7,0.5741564967695622,1.0,1.0,0.2857142857142857,0.9333333333333333,0.0,1.0
scn_0004,prt_0004_00,extended_run_001,alt_004,0.5714285714285714,0.0,1.0,0.41706586826347314,0.14571552849064812,0.7142857142857143,0.5542034925921182,0.0,1.0,0.25,0.5864241691565508,1.0,1.0,0.2857142857142857,0.6734728114749393,0.0,0.6655939524040007,0.5714285714285714,0.6542553191489362,0.17174078780177882,1.0,0.03529246344206976,0.6,0.3442928930366116,1.0,1.0,0.2857142857142857,0.7333333333333334,0.0,1.0
scn_0005,prt_0005_00,extended_run_001,alt_005,0.2857142857142857,1.0,0.75,0.5561377245508983,0.12962157459765117,1.0,0.575645787968063,0.0,1.0,0.25,0.6044355008397382,1.0,1.0,0.2857142857142857,0.6890614583839195,0.0,0.8753126697283976,0.2857142857142857,0.5533046627433227,0.846556543837357,1.0,0.03149606299212599,1.0,0.685427135678392,1.0,1.0,0.2857142857142857,0.7333333333333334,0.0,1.0
scn_0006,prt_0006_00,extended_run_001,alt_006,0.0,0.75,0.75,0.7723053892215569,0.2696824706394084,0.7142857142857143,0.2770590495708981,0.0,1.0,0.25,0.35361967320986565,1.0,1.0,0.2857142857142857,0.4719825968716751,0.0,0.7836270057970907,0.0,0.3534404708012675,0.6009656925031766,1.0,0.06538245219347584,0.9,0.40574300071787517,1.0,1.0,0.2857142857142857,0.4666666666666667,0.0,1.0
scn_0007,prt_0007_00,extended_run_001,alt_007,1.0,0.5,0.75,0.9920658682634731,0.28447150935189214,0.4285714285714286,0.8466162845309766,0.0,0.75,0.25,0.8128282917162413,1.0,1.0,0.2857142857142857,0.8694235600037085,0.0,0.6212234854222934,1.0,0.18345405160706205,0.36243964421855146,0.8604651162790697,0.0690382452193476,0.8,0.6506819813352477,1.0,1.0,0.2857142857142857,0.8,0.0,1.0
scn_0008,prt_0008_00,extended_run_001,alt_008,0.9285714285714286,0.25,0.75,0.009880239520958088,0.2866463679860809,0.1428571428571429,0.6996114598010332,0.0,0.75,0.25,0.6837853381843038,1.0,1.0,0.2857142857142857,0.7577380347974271,0.0,0.6881098676164683,0.9285714285714286,0.9254187415119964,0.4511817026683608,0.8604651162790697,0.06946006749156355,0.7,0.4455132806891601,1.0,1.0,0.2857142857142857,0.6,0.0,1.0
scn_0009,prt_0009_00,extended_run_001,alt_009,0.8571428571428572,0.0,0.75,0.08997005988023953,0.4149630274032188,1.0,0.7911105418214424,0.0,0.75,0.25,0.7641043494228952,1.0,1.0,0.2857142857142857,0.8272534225710892,0.0,0.6145470399367454,0.8571428571428572,0.8314848347668629,0.24325285895806847,0.8604651162790697,0.10053430821147359,0.6,0.5732950466618808,1.0,1.0,0.2857142857142857,1.0,0.0,1.0
scn_0010,prt_0010_00,extended_run_001,alt_010,0.7142857142857143,1.0,0.5,0.20748502994011978,0.4114832535885168,0.1428571428571429,0.6615174416122285,0.0,0.75,0.25,0.6503462883827931,1.0,1.0,0.2857142857142857,0.7287968354737739,0.0,0.8275651849416041,0.7142857142857143,0.7435491172476233,0.9231512071156289,0.8604651162790697,0.09969066366704166,1.0,0.6567121320890166,1.0,1.0,0.2857142857142857,0.5333333333333333,0.0,1.0
scn_0011,prt_0011_00,extended_run_001,alt_011,0.5714285714285714,0.75,0.5,0.32020958083832346,0.4362766420182688,1.0,0.7112932838051321,0.0,0.75,0.25,0.6940394530288597,0.6666666666666667,1.0,0.1857142857142857,0.7397057979524173,0.0,0.6726029269950822,0.5714285714285714,0.6518786781349027,0.7130368487928844,0.7674418604651163,0.10573678290213727,0.9,0.7431442928930366,1.0,0.6666666666666665,0.18571428571428572,0.8666666666666667,0.0,1.0
scn_0012,prt_0012_00,extended_run_001,alt_000,0.2857142857142857,0.5,0.5,0.41646706586826354,0.6624619399739017,0.7142857142857143,0.4076341744588191,0.0,0.75,0.25,0.4274834762227212,0.6666666666666667,1.0,0.1857142857142857,0.4963147485111098,0.0,0.5997531895083372,0.2857142857142857,0.520258035310095,0.49448538754764915,0.7674418604651163,0.16057367829021374,0.8,0.47293610911701367,1.0,0.6666666666666665,0.18571428571428572,0.6,0.0,1.0
scn_0013,prt_0013_00,extended_run_001,alt_001,0.0,0.25,0.5,0.5687125748502995,0.6372335798173119,0.4285714285714286,0.1187822893984033,0.0,0.75,0.25,0.17392590665580154,0.6666666666666667,0.6666666666666667,0.11428571428571425,0.19903669137481173,0.0,0.4305476015414571,0.0,0.4117247623358985,0.2768487928843709,0.6511627906976745,0.15452755905511817,0.6,0.17501794687724337,0.6667000000000001,0.6666666666666665,0.11428571428571421,0.33333333333333337,0.0,1.0
scn_0014,prt_0014_00,extended_run_001,alt_002,1.0,0.0,0.5,0.765119760479042,0.6624619399739017,0.1428571428571429,0.6877246915161608,0.0,0.5,0.0,0.6481184636553414,0.6666666666666667,0.6666666666666667,0.0,0.6607471601820661,0.0,0.27162085770340627,1.0,0.2566772295156179,0.04396442185514615,0.5116279069767442,0.16057367829021374,0.5,0.421105527638191,0.6667000000000001,0.6666666666666665,0.0,0.6666666666666667,0.0,1.0
scn_0015,prt_0015_00,extended_run_001,alt_003,0.9285714285714286,1.0,0.25,0.9838323353293414,0.9691170073945193,0.4285714285714286,0.8336194013919133,0.0,0.5,0.0,0.7817025069723135,0.6666666666666667,0.6666666666666667,0.0,0.7908147948664744,0.0,0.48012769117652476,0.9285714285714286,0.011543684925305569,0.6764421855146123,0.5116279069767442,0.23495500562429697,0.9,0.8875807609475952,0.6667000000000001,0.6666666666666665,0.0,0.7333333333333334,1.0,1.0
scn_0016,prt_0016_00,extended_run_001,alt_004,0.8571428571428572,0.75,0.25,0.001347305389221554,0.9569377990430622,0.1428571428571429,0.6874599718201615,0.0,0.5,0.0,0.647876170181835,0.6666666666666667,0.6666666666666667,0.0,0.6605109685622331,0.0,0.546626122747577,0.8571428571428572,0.7574694431869624,0.7662007623888183,0.5116279069767442,0.2320022497187852,0.8,0.6808327351040919,0.6667000000000001,0.6666666666666665,0.0,0.6,1.0,1.0
scn_0017,prt_0017_00,extended_run_001,alt_005,0.7142857142857143,0.5,0.25,0.09416167664670662,0.9147455415397999,1.0,0.7411809914179582,0.25,0.5,0.25,0.7245518527161736,0.6666666666666667,0.6666666666666667,0.11428571428571425,0.7351673870143172,0.0,0.5032162954040782,0.7142857142857143,0.6982797645993661,0.5657941550190597,0.5813953488372093,0.2217379077615298,0.7,0.7599425699928213,0.6667000000000001,0.6666666666666665,0.11428571428571421,0.9333333333333333,1.0,1.0
scn_0018,prt_0018_00,extended_run_001,alt_006,0.5714285714285714,0.25,0.25,0.2137724550898204,0.0,0.7142857142857143,0.600358652491354,0.25,0.5,0.25,0.6019156487152708,0.6666666666666667,0.6666666666666667,0.11428571428571425,0.6157603824979803,0.0,0.3932747835789737,0.5714285714285714,0.8458578542326844,0.4141804320203303,0.5813953488372093,0.0,0.6,0.42397702799712855,0.6667000000000001,0.6666666666666665,0.11428571428571421,0.7333333333333334,1.0,1.0
scn_0019,prt_0019_00,extended_run_001,alt_007,0.2857142857142857,0.0,0.25,0.31032934131736534,0.0,0.4285714285714286,0.310020921395329,0.25,0.5,0.25,0.3490747577384071,0.6666666666666667,0.6666666666666667,0.11428571428571425,0.36957476678836776,0.3333333333333333,0.35800083501753166,0.2857142857142857,0.7728610230873699,0.21006353240152476,0.5813953488372093,0.2530933633295839,0.4,0.1287867910983489,0.6667000000000001,0.6666666666666665,0.11428571428571421,0.4,1.0,1.0
scn_0020,prt_0020_00,extended_run_001,alt_008,0.0,1.0,0.0,0.44431137724550906,0.0,0.7142857142857143,0.33051534947269545,0.25,0.5,0.25,0.36692286013417963,0.6666666666666667,0.6666666666666667,0.11428571428571425,0.3869536137317834,0.3333333333333333,0.5688907937469749,0.0,0.6715708465368945,0.8852350698856417,0.5813953488372093,0.2530933633295839,0.8,0.4717875089734386,0.6667000000000001,0.6666666666666665,0.11428571428571421,0.4,1.0,1.0
scn_0021,prt_0021_00,extended_run_001,alt_009,1.0,0.75,0.0,0.5577844311377246,0.13571117877337974,0.4285714285714286,0.8929507706758891,0.25,0.25,0.25,0.8401003350026078,0.6666666666666667,0.6666666666666667,0.11428571428571425,0.8476751680933817,0.3333333333333333,0.42451035089210165,1.0,0.5504753282028066,0.6678017789072427,0.4418604651162791,0.2859955005624297,0.7,0.7300789662598708,0.6667000000000001,0.6666666666666665,0.11428571428571421,0.7333333333333334,1.0,0.75
scn_0022,prt_0022_00,extended_run_001,alt_010,0.9285714285714286,0.5,0.0,0.774251497005988,0.11700739451935625,0.1428571428571429,0.7471756116305881,0.25,0.25,0.25,0.707910116772702,0.33333333333333337,0.6666666666666667,0.0142857142857143,0.6927180136946991,0.3333333333333333,0.25416677443072866,0.9285714285714286,0.3916930737890448,0.43232528589580665,0.34883720930232565,0.28149606299212604,0.6,0.5226130653266333,0.6667000000000001,0.3333333333333336,0.014285714285714235,0.5333333333333333,1.0,0.75
scn_0023,prt_0023_00,extended_run_001,alt_011,0.8571428571428572,0.25,0.0,1.0,0.11396259243149195,1.0,0.8464113402502029,0.25,0.25,0.25,0.79789791283301,0.33333333333333337,0.6666666666666667,0.0142857142857143,0.7846197314920689,0.3333333333333333,0.15692787443700973,0.8571428571428572,0.22181982797645994,0.1933418043202032,0.34883720930232565,0.2806524184476941,0.5,0.6358937544867194,0.6667000000000001,0.3333333333333336,0.014285714285714235,0.9333333333333333,1.0,0.75
scn_0024,prt_0024_00,extended_run_001,alt_000,0.7142857142857143,0.0,0.0,0.014820359281437125,0.2696824706394084,0.7142857142857143,0.6425430169506,0.25,0.25,0.25,0.6130292677763707,0.33333333333333337,0.6666666666666667,0.0142857142857143,0.5958176424103023,0.3333333333333333,0.22878371937499287,0.7142857142857143,0.9260977818017202,0.27303684879288437,0.34883720930232565,0.31847581552305965,0.4,0.4176597272074659,0.6667000000000001,0.3333333333333336,0.014285714285714235,0.7333333333333334,1.0,0.75
scn_0025,prt_0025_00,extended_run_001,alt_001,0.5714285714285714,1.0,1.0,0.1002994011976048,0.2622879512831666,0.5714285714285714,0.6668886896375049,0.25,0.25,0.25,0.6351060288992352,0.33333333333333337,0.6666666666666667,0.0142857142857143,0.6183640088119341,0.3333333333333333,0.6307744602867877,0.5714285714285714,0.8633997283838841,0.9618297331639136,0.34883720930232565,0.31664791901012374,0.8,0.7000717875089735,0.6667000000000001,0.3333333333333336,0.014285714285714235,0.6,0.0,0.75
scn_0026,prt_0026_00,extended_run_001,alt_002,0.2857142857142857,0.75,1.0,0.21362275449101797,0.27446715963462376,0.2857142857142857,0.3758336535587722,0.25,0.25,0.25,0.3711757482086223,0.33333333333333337,0.33333333333333337,0.0,0.29501105906556413,0.3333333333333333,0.46796451544967177,0.2857142857142857,0.7745586238116795,0.7523761118170267,0.2325581395348837,0.3196006749156356,0.6,0.40631730078966266,0.33330000000000004,0.3333333333333336,0.0,0.33333333333333337,0.0,0.5
scn_0027,prt_0027_00,extended_run_001,alt_003,0.0,0.5,1.0,0.29970059880239525,0.4506307090039148,0.0,0.07512061824858052,0.25,0.25,0.25,0.09848847129396177,0.33333333333333337,0.33333333333333337,0.0,0.0,0.3333333333333333,0.39501132446342735,0.0,0.6636487098234495,0.5397712833545107,0.2325581395348837,0.3623453318335209,0.5,0.1305096913137116,0.33330000000000004,0.3333333333333336,0.0,0.06666666666666665,0.0,0.5
scn_0028,prt_0028_00,extended_run_001,alt_004,1.0,0.25,1.0,0.42559880239520964,0.4327968682035668,0.8571428571428572,0.8925323427693096,0.25,0.0,0.0,0.823084957018413,0.33333333333333337,0.33333333333333337,0.0,0.7839155714292021,0.3333333333333333,0.24437933442452142,1.0,0.5731100045269353,0.328843710292249,0.09302325581395343,0.3579865016872892,0.4,0.6908829863603734,0.33330000000000004,0.3333333333333336,0.0,0.9333333333333333,0.0,0.25
scn_0029,prt_0029_00,extended_run_001,alt_005,0.9285714285714286,0.0,1.0,0.5549401197604792,0.4558503697259678,0.5714285714285714,0.7442978523547245,0.25,0.0,0.0,0.6833364576439127,0.33333333333333337,0.33333333333333337,0.0,0.6327253422571089,0.3333333333333333,0.1609995085958773,0.9285714285714286,0.4693300135808057,0.11435832274459956,0.09302325581395343,0.3636107986501688,0.30000000000000004,0.48801148600143585,0.33330000000000004,0.3333333333333336,0.0,0.7333333333333334,0.0,0.25
scn_0030,prt_0030_00,extended_run_001,alt_006,0.8571428571428572,1.0,0.75,0.7735029940119761,0.6328838625489343,0.8571428571428572,0.897826736689296,0.25,0.0,0.0,0.8280762025726466,0.33333333333333337,0.33333333333333337,0.0,0.7893148677106189,0.3333333333333333,0.3656674782840019,0.8571428571428572,0.2580353100950656,0.7551715374841168,0.09302325581395343,0.40649606299212604,0.7,0.9402727925340991,0.33330000000000004,0.3333333333333336,0.0,0.8666666666666667,0.0,0.25
scn_0031,prt_0031_00,extended_run_001,alt_007,0.7142857142857143,0.75,0.75,0.9705089820359283,0.6376685515441497,0.5714285714285714,0.7028478715682508,0.25,0.0,0.0,0.6442583460537407,0.33333333333333337,0.33333333333333337,0.0,0.5904492497053122,0.3333333333333333,0.272563023502418,0.7142857142857143,0.10785423268447261,0.5234561626429477,0.09302325581395343,0.407620922384702,0.6,0.7055276381909548,0.33330000000000004,0.3333333333333336,0.0,0.6666666666666667,0.0,0.25
scn_0032,prt_0032_00,extended_run_001,alt_008,0.5714285714285714,0.5,0.75,0.0007485029940119767,0.6498477598956068,0.2857142857142857,0.5074334998505616,0.25,0.0,0.0,0.46003114108748955,0.33333333333333337,0.33333333333333337,0.0,0.39113994463845014,0.3333333333333333,0.33806017298903024,0.5714285714285714,0.8378225441376188,0.6081829733163913,0.09302325581395343,0.4105736782902138,0.5,0.47150035893754494,0.33330000000000004,0.3333333333333336,0.0,0.4666666666666667,0.0,0.25
scn_0033,prt_0033_00,extended_run_001,alt_009,0.2857142857142857,0.25,0.75,0.07365269461077845,0.976946498477599,0.0,0.19783100636181206,0.25,0.0,0.0,0.16815167061349978,0.0,0.33333333333333337,0.0,0.023424910931477916,0.3333333333333333,0.19748903577643695,0.2857142857142857,0.6976007243096424,0.38947903430749675,0.0,0.48987626546681673,0.4,0.2123474515434315,0.33330000000000004,0.0,0.0,0.19999999999999996,0.0,0.25
scn_0034,prt_0034_00,extended_run_001,alt_010,0.0,0.0,0.75,0.193562874251497,0.9913005654632449,0.8571428571428572,0.15258101703599347,0.5,0.0,0.25,0.18377194828182042,0.0,0.33333333333333337,0.0,0.04106754197367901,0.3333333333333333,0.152080339031897,0.0,0.6032141240380262,0.17809402795425644,0.06976744186046513,0.4933914510686164,0.30000000000000004,0.23790380473797568,0.33330000000000004,0.0,0.0,0.4666666666666667,0.0,0.25
scn_0035,prt_0035_00,extended_run_001,alt_011,1.0,1.0,0.5,0.3137724550898204,0.9417137886037408,0.0,0.7908287434353786,0.5,1.0,0.75,0.8315499258454448,0.0,0.33333333333333337,0.4142857142857143,0.7727108175761883,0.3333333333333333,0.6293852275792251,1.0,0.5252376641014034,0.8601778907242694,0.627906976744186,0.4814398200224973,0.7,0.7948312993539124,0.33330000000000004,0.0,0.41428571428571437,0.5333333333333333,0.0,1.0
scn_0036,prt_0036_00,extended_run_001,alt_000,0.9285714285714286,0.75,0.5,0.43517964071856297,0.0,0.8571428571428572,0.9453481917936895,0.5,1.0,0.75,0.9486567377351681,0.0,0.33333333333333337,0.4142857142857143,0.9049792283818445,0.3333333333333333,0.5184017912234484,0.9285714285714286,0.6784744228157538,0.7098348157560356,0.627906976744186,0.2530933633295839,0.6,0.8048815506101938,0.33330000000000004,0.0,0.41428571428571437,0.8666666666666667,0.0,1.0
scn_0037,prt_0037_00,extended_run_001,alt_001,0.8571428571428572,0.5,0.5,0.5541916167664672,0.010004349717268378,0.5714285714285714,0.7978822424320055,0.5,1.0,0.75,0.8368956850082826,0.0,0.33333333333333337,0.4142857142857143,0.778749155670144,0.3333333333333333,0.43603802655060164,0.8571428571428572,0.5858985966500679,0.49900889453621344,0.627906976744186,0.2554836895388077,0.5,0.6005743000717876,0.33330000000000004,0.0,0.41428571428571437,0.7333333333333334,0.0,1.0
scn_0038,prt_0038_00,extended_run_001,alt_002,0.7142857142857143,0.25,0.5,0.7706586826347305,0.03218790778599391,0.2857142857142857,0.6018786559070921,0.5,1.0,0.75,0.6883481068590731,0.0,0.33333333333333337,0.4142857142857143,0.6109703281518337,0.6666666666666666,0.3851462943325955,0.7142857142857143,0.41647804436396557,0.26088945362134675,0.627906976744186,0.514060742407199,0.30000000000000004,0.36769562096195263,0.33330000000000004,0.0,0.41428571428571437,0.4666666666666667,0.0,1.0
scn_0039,prt_0039_00,extended_run_001,alt_003,0.5714285714285714,0.0,0.5,0.9955089820359282,0.09960852544584603,0.0,0.4032107937321209,0.5,1.0,0.75,0.5377818415069122,0.0,0.0,0.3428571428571429,0.3971981493172516,0.6666666666666666,0.20883566781081297,0.5714285714285714,0.2289497510185604,0.017585768742058305,0.5116279069767442,0.53037120359955,0.09999999999999998,0.13984206748025851,0.0,0.0,0.34285714285714286,0.2666666666666667,0.0,1.0
scn_0040,prt_0040_00,extended_run_001,alt_004,0.2857142857142857,1.0,0.25,0.0008982035928143763,0.08829926054806438,0.2857142857142857,0.42437129072200175,0.5,1.0,0.75,0.5538191189954258,0.0,0.0,0.3428571428571429,0.4162833151590871,0.6666666666666666,0.572589256354077,0.2857142857142857,0.9838162064282481,1.0,0.5116279069767442,0.5275590551181103,0.5,0.4815506101938263,0.0,0.0,0.34285714285714286,0.2666666666666667,1.0,1.0
scn_0041,prt_0041_00,extended_run_001,alt_005,0.0,0.75,0.25,0.08502994011976048,0.1626794258373206,0.0,0.12965287562443972,0.5,1.0,0.75,0.3304589676002616,0.0,0.0,0.3428571428571429,0.15047282471932932,0.6666666666666666,0.496872379024064,0.0,0.9008601177003169,0.7945108005082592,0.5116279069767442,0.5456974128233971,0.4,0.19454414931801878,0.0,0.0,0.34285714285714286,0.0,1.0,1.0
scn_0042,prt_0042_00,extended_run_001,alt_006,1.0,0.5,0.25,0.20688622754491023,0.23053501522401043,0.8571428571428572,0.9420178472311174,0.5,0.75,0.75,0.9320405063678551,0.0,0.0,0.3428571428571429,0.8663839725223057,0.6666666666666666,0.34933660443446035,1.0,0.7910819375282934,0.579161372299873,0.37209302325581395,0.562007874015748,0.30000000000000004,0.7643933955491744,0.0,0.0,0.34285714285714286,0.8666666666666667,1.0,0.75
scn_0043,prt_0043_00,extended_run_001,alt_007,0.9285714285714286,0.25,0.25,0.31541916167664674,0.2192257503262288,0.5714285714285714,0.7958071815891722,0.5,0.75,0.75,0.8162433544638747,0.0,0.0,0.3428571428571429,0.7285805104387866,0.6666666666666666,0.26776352007921567,0.9285714285714286,0.711973743775464,0.37250317662007626,0.37209302325581395,0.5593363329583801,0.19999999999999996,0.5577889447236182,0.0,0.0,0.34285714285714286,0.6666666666666667,1.0,0.75
scn_0044,prt_0044_00,extended_run_001,alt_008,0.8571428571428572,0.0,0.25,0.4335329341317366,0.2309699869508482,0.2857142857142857,0.6482387600871014,0.5,0.75,0.75,0.6993724599036182,1.0,0.0,0.6428571428571429,0.6694586576369359,0.6666666666666666,0.40725947985058364,0.8571428571428572,0.6196242643730194,0.16177890724269373,0.6511627906976745,0.56214848143982,0.09999999999999998,0.35362526920315873,0.0,1.0,0.6428571428571428,0.5333333333333333,1.0,0.75
scn_0045,prt_0045_00,extended_run_001,alt_009,0.7142857142857143,1.0,0.0,0.559431137724551,0.47194432361896477,0.5714285714285714,0.7501814610819351,0.5,0.75,0.75,0.7801084709624024,1.0,0.0,0.6428571428571429,0.7540108427405291,0.6666666666666666,0.6264072447007791,0.7142857142857143,0.46174739701222267,0.8236340533672173,0.6511627906976745,0.6206411698537684,0.5,0.7829145728643216,0.0,1.0,0.6428571428571428,0.6,1.0,0.75
scn_0046,prt_0046_00,extended_run_001,alt_010,0.5714285714285714,0.75,0.0,0.7658682634730539,0.42105263157894735,0.2857142857142857,0.5584817044532685,0.5,0.75,0.75,0.6282861052344317,1.0,0.0,0.6428571428571429,0.5950141494232069,0.6666666666666666,0.5303691442548206,0.5714285714285714,0.31892258940697144,0.5929860228716644,0.6511627906976745,0.6082677165354331,0.4,0.5419956927494617,0.0,1.0,0.6428571428571428,0.4,1.0,0.75
scn_0047,prt_0047_00,extended_run_001,alt_011,0.2857142857142857,0.5,0.0,0.9782934131736527,0.45846020008699434,0.0,0.2659408223389268,0.5,0.75,0.75,0.3965987097234922,1.0,0.0,0.6428571428571429,0.35238134130351273,0.6666666666666666,0.43613778528226177,0.2857142857142857,0.14859665006790398,0.3549682337992376,0.6511627906976745,0.6172665916760405,0.30000000000000004,0.25111270638908834,0.0,1.0,0.6428571428571428,0.1333333333333333,1.0,0.75
scn_0048,prt_0048_00,extended_run_001,alt_000,0.0,0.25,0.0,0.024401197604790426,0.6772509786863854,0.8571428571428572,0.2086503565176553,0.5,0.75,0.75,0.35122606873738316,1.0,0.0,0.6428571428571429,0.3048648851490655,0.6666666666666666,0.5056215892674383,0.0,0.8128112267994568,0.4221092757306225,0.6511627906976745,0.6704161979752532,0.19999999999999996,0.2990667623833454,0.0,1.0,0.6428571428571428,0.4,1.0,0.75
scn_0049,prt_0049_00,extended_run_001,alt_001,1.0,0.0,0.0,0.09086826347305389,0.645933014354067,0.5714285714285714,0.7809231031979849,0.5,0.5,0.5,0.7848689001024008,1.0,0.0,0.35714285714285715,0.758995148138501,0.6666666666666666,0.36265993726284207,1.0,0.7707107288365777,0.22815756035578127,0.5116279069767442,0.6628233970753655,0.09999999999999998,0.5388370423546303,0.0,1.0,0.3571428571428571,0.7333333333333334,1.0,0.5
scn_0050,prt_0050_00,extended_run_001,alt_002,0.9285714285714286,1.0,1.0,0.20538922155688627,0.6563723357981731,0.4285714285714286,0.8520387686264463,0.5,0.5,0.5,0.8436174160548757,1.0,0.0,0.35714285714285715,0.8205186503083735,0.6666666666666666,0.761236712691158,0.9285714285714286,0.6814169307378904,0.9079542566709021,0.5116279069767442,0.6653543307086615,0.5,0.8531227566403446,0.0,1.0,0.3571428571428571,0.6,0.0,0.5
scn_0051,prt_0051_00,extended_run_001,alt_003,0.8571428571428572,0.75,1.0,0.2998502994011977,1.0,0.1428571428571429,0.6849237863455874,0.75,0.5,0.75,0.7355711048454869,1.0,0.0,0.6428571428571429,0.7073674126201377,0.6666666666666666,0.7290737586503752,0.8571428571428572,0.520597555454957,0.6823379923761118,0.5813953488372093,0.7485939257592801,0.4,0.6855707106963389,0.0,1.0,0.6428571428571428,0.4666666666666667,0.0,0.5
scn_0052,prt_0052_00,extended_run_001,alt_004,0.7142857142857143,0.5,1.0,0.4185628742514971,0.9817311874728143,1.0,0.7372358140130653,0.75,0.5,0.75,0.7764434633684149,1.0,1.0,0.8571428571428571,0.8379328156248482,0.6666666666666666,0.8897629067477545,0.7142857142857143,0.4356043458578542,0.4733926302414232,0.9302325581395349,0.7442350956130485,0.6,0.767264895908112,1.0,1.0,0.8571428571428572,0.8,0.0,1.0
scn_0053,prt_0053_00,extended_run_001,alt_005,0.5714285714285714,0.25,1.0,0.5723053892215569,0.9886907351022184,0.7142857142857143,0.5421288587165366,0.75,0.5,0.75,0.6240013364397907,1.0,1.0,0.8571428571428571,0.7059955145666215,0.6666666666666666,0.8025922491160268,0.5714285714285714,0.3175645088275237,0.25326556543837353,0.9302325581395349,0.7459223847019123,0.5,0.5326633165829145,1.0,1.0,0.8571428571428572,0.6,0.0,1.0
scn_0054,prt_0054_00,extended_run_001,alt_006,0.2857142857142857,0.0,1.0,0.7627245508982036,0.0,0.4285714285714286,0.310020921395329,0.75,0.5,0.75,0.44264977243541925,1.0,1.0,0.8571428571428571,0.5490373535943067,0.6666666666666666,0.6808459540444776,0.2857142857142857,0.43085106382978716,0.08721728081321467,0.9302325581395349,0.5061867266591676,0.4,0.1287867910983489,1.0,1.0,0.8571428571428572,0.33333333333333337,0.0,1.0
scn_0055,prt_0055_00,extended_run_001,alt_007,0.0,1.0,0.75,0.9997005988023953,0.0,0.7142857142857143,0.33051534947269545,0.75,0.5,0.75,0.45866282057658203,0.6666666666666667,1.0,0.7571428571428571,0.524784668294255,0.6666666666666666,0.8038595544848939,0.0,0.25169760072430963,0.7343837357052097,0.8372093023255813,0.5061867266591676,0.8,0.4717875089734386,1.0,0.6666666666666665,0.7571428571428571,0.33333333333333337,0.0,1.0
scn_0056,prt_0056_00,extended_run_001,alt_008,1.0,0.75,0.75,0.022005988023952094,0.0,0.4285714285714286,0.9009435976260621,0.75,0.25,0.75,0.8896978090293851,0.6666666666666667,1.0,0.7571428571428571,0.9183604769746281,0.6666666666666666,0.8035639730577528,1.0,0.9908329560887279,0.8220584498094028,0.6976744186046511,0.5061867266591676,0.7,0.7151471643933955,1.0,0.6666666666666665,0.7571428571428571,0.6666666666666667,0.0,1.0
scn_0057,prt_0057_00,extended_run_001,alt_009,0.9285714285714286,0.5,0.75,0.0937125748502994,0.12570682905611136,0.1428571428571429,0.7466632509286539,0.75,0.25,0.75,0.764178312693755,0.6666666666666667,1.0,0.7571428571428571,0.8037490453002283,1.0,0.7753987578190524,0.9285714285714286,0.9039157990040743,0.6166200762388817,0.6976744186046511,0.7897919010123735,0.5,0.5234745154343144,1.0,0.6666666666666665,0.7571428571428571,0.4,0.0,1.0
scn_0058,prt_0058_00,extended_run_001,alt_010,0.8571428571428572,0.25,0.75,0.2010479041916168,0.1652892561983471,1.0,0.8433884121087913,0.75,0.25,0.75,0.8428726824310453,0.6666666666666667,1.0,0.7571428571428571,0.8756031715899006,1.0,0.6954994032949939,0.8571428571428572,0.8124717066545949,0.4070139771283353,0.6976744186046511,0.7993532058492689,0.4,0.6414931801866475,1.0,0.6666666666666665,0.7571428571428571,0.8,0.0,1.0
scn_0059,prt_0059_00,extended_run_001,alt_011,0.7142857142857143,0.0,0.75,0.2977544910179641,0.14223575467594607,0.7142857142857143,0.6500491012339353,0.75,0.25,0.75,0.6855757594306359,0.6666666666666667,1.0,0.7571428571428571,0.7319765927482551,1.0,0.6151825400050988,0.7142857142857143,0.7453598913535537,0.2043710292249047,0.6976744186046511,0.7937289088863893,0.30000000000000004,0.40373295046661883,1.0,0.6666666666666665,0.7571428571428571,0.6,0.0,1.0
scn_0060,prt_0060_00,extended_run_001,alt_000,0.5714285714285714,1.0,0.5,0.44131736526946114,0.2701174423662462,1.0,0.7586524913539132,0.75,0.25,0.75,0.773932537845603,0.6666666666666667,1.0,0.7571428571428571,0.8126558975060814,1.0,0.8285701617938837,0.5714285714285714,0.6035536441828881,0.8687166454891995,0.6976744186046511,0.8248031496062993,0.7,0.8205312275664035,1.0,0.6666666666666665,0.7571428571428571,0.6666666666666667,0.0,1.0
scn_0061,prt_0061_00,extended_run_001,alt_001,0.2857142857142857,0.75,0.5,0.5657185628742516,0.2653327533710309,0.7142857142857143,0.4685965586439521,0.75,0.25,0.75,0.5379488964807511,0.6666666666666667,1.0,0.7571428571428571,0.5971807108705537,1.0,0.7450351557159905,0.2857142857142857,0.510751471253961,0.6573316391359594,0.6976744186046511,0.8236782902137233,0.6,0.5249102656137832,1.0,0.6666666666666665,0.7571428571428571,0.4,0.0,1.0
scn_0062,prt_0062_00,extended_run_001,alt_002,0.0,0.5,0.5,0.775,0.2644628099173554,0.4285714285714286,0.17831006361812052,0.75,0.25,0.75,0.30177779648113356,0.6666666666666667,1.0,0.7571428571428571,0.38153334716636267,1.0,0.6500944013182932,0.0,0.3527614305115436,0.4226683608640407,0.6976744186046511,0.8233970753655794,0.5,0.22972002871500363,1.0,0.6666666666666665,0.7571428571428571,0.1333333333333333,0.0,1.0
scn_0063,prt_0063_00,extended_run_001,alt_003,1.0,0.25,0.5,0.9832335329341317,0.4493257938234015,0.1428571428571429,0.7378506468553863,0.75,0.0,0.5,0.7370937280421539,0.6666666666666667,1.0,0.4714285714285714,0.77901845826472,1.0,0.49431190491145494,1.0,0.1472385694884563,0.17631512071156275,0.5581395348837209,0.8682508436445444,0.4,0.4933237616654702,1.0,0.6666666666666665,0.4714285714285714,0.4666666666666667,0.0,0.75
scn_0064,prt_0064_00,extended_run_001,alt_004,0.9285714285714286,0.0,0.5,0.0,0.4240974336668117,1.0,0.8383928952649332,0.75,0.0,0.5,0.822136186785314,0.6666666666666667,1.0,0.4714285714285714,0.8566703162318827,1.0,0.5605258393588839,0.9285714285714286,0.8971253961068357,0.267141041931385,0.5581395348837209,0.8620641169853769,0.30000000000000004,0.6041636755204596,1.0,0.6666666666666665,0.4714285714285714,0.8,0.0,0.75
scn_0065,prt_0065_00,extended_run_001,alt_005,0.8571428571428572,1.0,0.25,0.0817365269461078,0.4749891257068291,0.1428571428571429,0.7534178728491525,0.75,0.0,0.5,0.7502617407128274,0.6666666666666667,0.6666666666666667,0.39999999999999997,0.7602014913183024,1.0,0.6987360199221881,0.8571428571428572,0.8220914440923495,0.9531893265565438,0.4418604651162791,0.8744375703037122,0.6,0.7234745154343145,0.6667000000000001,0.6666666666666665,0.4,0.4,1.0,0.5
scn_0066,prt_0066_00,extended_run_001,alt_006,0.7142857142857143,0.75,0.25,0.19595808383233537,0.6446280991735537,1.0,0.7946629093548525,0.75,0.0,0.5,0.7851481752113373,0.33333333333333337,0.6666666666666667,0.29999999999999993,0.7715993925239834,1.0,0.5478712595094087,0.7142857142857143,0.6916025350837484,0.733418043202033,0.34883720930232565,0.9156355455568055,0.5,0.8258435032304379,0.6667000000000001,0.3333333333333336,0.29999999999999993,0.7333333333333334,1.0,0.5
scn_0067,prt_0067_00,extended_run_001,alt_007,0.5714285714285714,0.5,0.25,0.3023952095808384,0.624619399739017,0.7142857142857143,0.6011442722343197,0.75,0.0,0.5,0.6214623558832044,0.33333333333333337,0.6666666666666667,0.29999999999999993,0.6044309106401013,1.0,0.46632403852903903,0.5714285714285714,0.6163422363060209,0.5278780177890723,0.34883720930232565,0.9107142857142857,0.4,0.588370423546303,0.6667000000000001,0.3333333333333336,0.29999999999999993,0.5333333333333333,1.0,0.5
scn_0068,prt_0068_00,extended_run_001,alt_008,0.2857142857142857,0.25,0.25,0.4389221556886228,0.6724662896911701,0.4285714285714286,0.30798855727765684,1.0,0.0,0.75,0.4242494959658135,0.33333333333333337,0.6666666666666667,0.5857142857142856,0.40302126607537814,1.0,0.419651731183471,0.2857142857142857,0.5006790402897238,0.30983481575603555,0.41860465116279066,0.9223847019122611,0.30000000000000004,0.2984924623115579,0.6667000000000001,0.3333333333333336,0.5857142857142857,0.2666666666666667,1.0,0.5
scn_0069,prt_0069_00,extended_run_001,alt_009,0.0,0.0,0.25,0.5684131736526946,0.9721618094823837,0.1428571428571429,0.0,1.0,0.0,0.75,0.17866720736368125,0.33333333333333337,0.6666666666666667,0.5857142857142856,0.1522122545924922,1.0,0.3444816794936689,0.0,0.32480760525124486,0.07750952986022863,0.41860465116279066,0.9949381327334084,0.19999999999999996,0.03632447954056006,0.6667000000000001,0.3333333333333336,0.5857142857142857,0.0,1.0,0.5
scn_0070,prt_0070_00,extended_run_001,alt_010,1.0,1.0,0.0,0.7511976047904191,0.9434536755110918,0.4285714285714286,0.8829511976431408,1.0,1.0,1.0,0.9401586129591302,0.33333333333333337,0.6666666666666667,0.8714285714285713,0.9299073775666524,1.0,0.813913017775528,1.0,0.1940923494794024,0.7412452350698855,0.9767441860465116,0.9880483689538808,0.6,0.914572864321608,0.6667000000000001,0.3333333333333336,0.8714285714285714,0.6,1.0,1.0
scn_0071,prt_0071_00,extended_run_001,alt_011,0.9285714285714286,0.75,0.0,0.9763473053892217,0.9926054806437581,0.1428571428571429,0.7331796251227531,1.0,1.0,1.0,0.838951353846664,0.33333333333333337,0.6666666666666667,0.8714285714285713,0.8265470551099063,1.0,0.718303510398924,0.9285714285714286,0.011090991398823,0.4990597204574333,0.9767441860465116,1.0,0.5,0.714572864321608,0.6667000000000001,0.3333333333333336,0.8714285714285714,0.4,1.0,1.0
scn_0072,prt_0072_00,extended_run_001,alt_000,0.8571428571428572,0.5,0.0,0.002095808383233531,0.022618529795563287,1.0,0.8893642457623501,1.0,1.0,1.0,0.9444918404484725,0.33333333333333337,0.6666666666666667,0.8714285714285713,0.9343332111906265,1.0,0.7552105463453204,0.8571428571428572,1.0,0.6481321473951716,0.9767441860465116,0.764763779527559,0.4,0.721608040201005,0.6667000000000001,0.3333333333333336,0.8714285714285714,0.8,1.0,1.0
scn_0073,prt_0073_00,extended_run_001,alt_001,0.7142857142857143,0.25,0.0,0.07500000000000001,0.03784254023488473,0.7142857142857143,0.693770547798984,1.0,1.0,1.0,0.8123207506506855,0.33333333333333337,0.6666666666666667,0.8714285714285713,0.7993497004560485,1.0,0.6792645934092731,0.7142857142857143,0.9409234947940244,0.4494536213468868,0.9767441860465116,0.7684195725534309,0.30000000000000004,0.48786791098348903,0.6667000000000001,0.3333333333333336,0.8714285714285714,0.6,1.0,1.0
scn_0074,prt_0074_00,extended_run_001,alt_002,0.5714285714285714,0.0,0.0,0.1976047904191617,0.0,0.4285714285714286,0.501302250117416,1.0,1.0,1.0,0.6822614397588287,0.33333333333333337,0.6666666666666667,0.8714285714285713,0.6665228178763944,1.0,0.5949906337635273,0.5714285714285714,0.8580805794477139,0.2407115628970774,0.9767441860465116,0.7592800899887514,0.19999999999999996,0.2485283560660445,0.6667000000000001,0.3333333333333336,0.8714285714285714,0.4,1.0,1.0
scn_0075,prt_0075_00,extended_run_001,alt_003,0.2857142857142857,1.0,1.0,0.2979041916167665,0.16180948238364506,0.2857142857142857,0.42004184279065804,1.0,1.0,1.0,0.627350087289412,0.33333333333333337,0.6666666666666667,0.8714285714285713,0.6104427599542626,1.0,1.0,0.2857142857142857,0.740153915799004,0.9146124523506989,0.9767441860465116,0.7985095613048369,0.6,0.4895908111988515,0.6667000000000001,0.3333333333333336,0.8714285714285714,0.19999999999999996,0.0,1.0
scn_0076,prt_0076_00,extended_run_001,alt_004,0.0,0.75,1.0,0.43428143712574857,0.15484993475424097,0.0,0.13011400025618058,1.0,1.0,1.0,0.43143285984087676,0.33333333333333337,0.6666666666666667,0.8714285714285713,0.41035755437925747,0.0,0.7817611480382629,0.0,0.6388637392485287,0.7001270648030495,0.9767441860465116,0.0375421822272216,0.8,0.19368269921033743,0.6667000000000001,0.3333333333333336,0.8714285714285714,0.1333333333333333,0.0,1.0
scn_0077,prt_0077_00,extended_run_001,alt_005,1.0,0.5,1.0,0.5571856287425151,0.16963897346672466,0.8571428571428572,0.9456043721446565,1.0,0.75,1.0,0.9700397743865193,0.0,0.6666666666666667,0.7714285714285715,0.9466549085916357,0.0,0.5586119496181456,1.0,0.5421004979628792,0.4879288437102923,0.7441860465116279,0.041057367829021384,0.7,0.7576453697056713,0.6667000000000001,0.0,0.7714285714285714,1.0,0.0,1.0
scn_0078,prt_0078_00,extended_run_001,alt_006,0.9285714285714286,0.25,1.0,0.7550898203592814,0.24053936494127884,0.5714285714285714,0.7945518978694334,1.0,0.75,1.0,0.8633732607473096,0.0,0.33333333333333337,0.7000000000000001,0.8086549880579751,0.0,0.3860625967567328,0.9285714285714286,0.37403802625622445,0.2516899618805589,0.627906976744186,0.058352080989876286,0.5,0.5600861450107681,0.33330000000000004,0.0,0.7,0.8,0.0,1.0
scn_0079,prt_0079_00,extended_run_001,alt_007,0.8571428571428572,0.0,1.0,0.9991017964071858,0.2301000434971727,0.2857142857142857,0.6482899961572948,1.0,0.75,1.0,0.7600899291355351,0.0,0.33333333333333337,0.7000000000000001,0.6919995055427772,0.0,0.28612282147251267,0.8571428571428572,0.19228157537347215,0.008233799237611139,0.627906976744186,0.05582114735658045,0.4,0.3534816941852119,0.33330000000000004,0.0,0.7,0.6666666666666667,0.0,1.0
scn_0080,prt_0080_00,extended_run_001,alt_008,0.7142857142857143,1.0,0.75,0.02305389221556886,0.22444541104828186,0.5714285714285714,0.764758123051962,1.0,0.75,1.0,0.8423345358740992,0.0,0.33333333333333337,0.7000000000000001,0.7848923451841191,0.0,0.6475265376700055,0.7142857142857143,0.9316432775011317,0.9852604828462517,0.627906976744186,0.05441507311586054,0.8,0.7557788944723618,0.33330000000000004,0.0,0.7,0.7333333333333334,0.0,1.0
scn_0081,prt_0081_00,extended_run_001,alt_009,0.5714285714285714,0.75,0.75,0.09131736526946109,0.3927794693344933,0.2857142857142857,0.5601468767345545,1.0,0.75,1.0,0.6978472862493352,0.0,0.33333333333333337,0.7000000000000001,0.621699387667707,0.0,0.5767569544767654,0.5714285714285714,0.8362381167949298,0.7779923761118169,0.627906976744186,0.09519122609673793,0.7,0.5389806173725773,0.33330000000000004,0.0,0.7,0.5333333333333333,0.0,1.0
scn_0082,prt_0082_00,extended_run_001,alt_010,0.2857142857142857,0.5,0.75,0.20883233532934137,0.47107438016528924,0.0,0.26519789932112214,1.0,0.75,1.0,0.48956926596554584,0.0,0.33333333333333337,0.7000000000000001,0.38645474171232297,0.0,0.4966285243466726,0.2857142857142857,0.7270258035310095,0.5631512071156288,0.627906976744186,0.1141732283464567,0.6,0.25240488155061025,0.33330000000000004,0.0,0.7,0.2666666666666667,0.0,1.0
scn_0083,prt_0083_00,extended_run_001,alt_011,0.0,0.25,0.75,0.3026946107784432,0.4258373205741627,0.8571428571428572,0.22345758080355238,1.0,0.75,1.0,0.4600936272990782,0.0,0.33333333333333337,0.7000000000000001,0.3531638640066045,0.0,0.41603455346883267,0.0,0.6678361249434134,0.3626937738246506,0.627906976744186,0.1032058492688414,0.5,0.27135678391959805,0.33330000000000004,0.0,0.7,0.5333333333333333,0.0,1.0
scn_0084,prt_0084_00,extended_run_001,alt_000,1.0,0.0,0.75,0.4324850299401198,0.6528925619834711,0.5714285714285714,0.7805132146364374,1.0,0.5,1.0,0.8359838964106134,0.0,0.33333333333333337,0.7000000000000001,0.7777183006564803,0.0,0.27215659904009915,1.0,0.5106382978723404,0.13494282083862763,0.4883720930232559,0.1583239595050619,0.4,0.5396984924623116,0.33330000000000004,0.0,0.7,0.8666666666666667,0.0,0.75
scn_0085,prt_0085_00,extended_run_001,alt_001,0.9285714285714286,1.0,0.5,0.5672155688622755,0.6341887777294477,0.8571428571428572,0.9455702147645276,0.0,0.5,0.0,0.8842053985536354,0.0,0.33333333333333337,0.0,0.8321847504094724,0.0,0.3345944807558018,0.9285714285714286,0.4136487098234495,0.811130876747141,0.2093023255813954,0.15368391451068614,0.8,0.9702799712849964,0.33330000000000004,0.0,0.0,0.9333333333333333,0.0,0.75
scn_0086,prt_0086_00,extended_run_001,alt_002,0.8571428571428572,0.75,0.5,0.7717065868263473,0.6372335798173119,0.5714285714285714,0.7985141539643911,0.0,0.5,0.0,0.7495590896396586,0.0,0.33333333333333337,0.0,0.680104939715952,0.0,0.2404222380686709,0.8571428571428572,0.2582616568583069,0.5774841168996188,0.2093023255813954,0.15452755905511817,0.7,0.7652548456568558,0.33330000000000004,0.0,0.0,0.8,0.0,0.75
scn_0087,prt_0087_00,extended_run_001,alt_003,0.7142857142857143,0.5,0.5,0.9983532934131737,0.9712918660287082,0.2857142857142857,0.5841424362751377,0.0,0.5,0.0,0.553277146752056,0.0,0.33333333333333337,0.0,0.45841151202369856,0.0,0.15308162111633705,0.7142857142857143,0.0,0.31654383735705205,0.2093023255813954,0.23551743532058497,0.6,0.5666905958363245,0.33330000000000004,0.0,0.0,0.6,0.0,0.75
scn_0088,prt_0088_00,extended_run_001,alt_004,0.5714285714285714,0.25,0.5,0.012874251497005995,0.916485428447151,0.0,0.39267324196234155,0.0,0.5,0.0,0.37796506638203553,1.0,0.33333333333333337,0.0,0.38626269805881386,0.0,0.44040524213661036,0.5714285714285714,0.7592802172928927,0.4098602287166455,0.4883720930232559,0.2221597300337458,0.5,0.3253409906676239,0.33330000000000004,1.0,0.0,0.4,0.0,0.75
scn_0089,prt_0089_00,extended_run_001,alt_005,0.2857142857142857,0.0,0.5,0.07634730538922156,0.9939103958242715,0.8571428571428572,0.34370863754750025,0.0,0.5,0.0,0.3331331224104884,1.0,0.33333333333333337,0.0,0.34202864320055093,0.0,0.3675850627925793,0.2857142857142857,0.6911498415572657,0.20975857687420563,0.4883720930232559,0.24100112485939262,0.4,0.3577889447236182,0.33330000000000004,1.0,0.0,0.6666666666666667,0.0,0.75
scn_0090,prt_0090_00,extended_run_001,alt_006,0.0,1.0,0.25,0.19805389221556888,0.0,0.0,0.17680713889244704,0.0,0.5,0.0,0.1803148029835252,1.0,0.33333333333333337,0.0,0.19125009381442837,0.0,0.5505906086391061,0.0,0.8577410593028519,0.9521219822109276,0.4883720930232559,0.0,0.8,0.2723618090452262,0.33330000000000004,1.0,0.0,0.1333333333333333,1.0,0.75
scn_0091,prt_0091_00,extended_run_001,alt_007,1.0,0.75,0.25,0.3040419161676647,0.03784254023488473,0.8571428571428572,0.9909397549207976,0.0,0.25,0.0,0.9119760563039023,1.0,0.0,0.0,0.8921078888001024,0.0,0.32303355218674823,1.0,0.7677682209144409,0.7430241423125794,0.2325581395348837,0.009139482564679424,0.6,0.8389088298636037,0.0,1.0,0.0,1.0,1.0,0.25
scn_0092,prt_0092_00,extended_run_001,alt_008,0.9285714285714286,0.5,0.25,0.4202095808383234,0.03958242714223576,0.5714285714285714,0.8439605482259511,0.0,0.25,0.0,0.7718437130582154,1.0,0.0,0.0,0.7453545302435644,0.0,0.24081018869179338,0.9285714285714286,0.6794929832503396,0.5334688691232529,0.2325581395348837,0.00956130483689539,0.5,0.6337401292175162,0.0,1.0,0.0,0.8,1.0,0.25
scn_0093,prt_0093_00,extended_run_001,alt_009,0.8571428571428572,0.25,0.25,0.5609281437125749,0.08786428882122661,0.2857142857142857,0.6942402117757568,0.0,0.25,0.0,0.6290984259850824,1.0,0.0,0.0,0.5958651014741005,0.0,0.15663598777770793,0.8571428571428572,0.5605477591670439,0.3142566709021599,0.2325581395348837,0.021231721034870647,0.4,0.43359655419956933,0.0,1.0,0.0,0.6666666666666667,1.0,0.25
scn_0094,prt_0094_00,extended_run_001,alt_010,0.7142857142857143,0.0,0.25,0.7486526946107785,0.11874728142670728,0.0,0.49772426454890917,0.0,0.25,0.0,0.4417367086089421,1.0,0.0,0.0,0.3996527762448622,0.0,0.0655636553077188,0.7142857142857143,0.41059302851969215,0.08340533672172801,0.2325581395348837,0.028824521934758183,0.30000000000000004,0.20172290021536265,0.0,1.0,0.0,0.4666666666666667,1.0,0.25
scn_0095,prt_0095_00,extended_run_001,alt_011,0.5714285714285714,1.0,0.0,0.9985029940119761,0.12222705524140931,0.2857142857142857,0.6136544127065455,0.0,0.25,0.0,0.5522671655361764,1.0,0.0,0.0,0.5154043291495776,0.3333333333333333,0.3051656549160734,0.5714285714285714,0.22080126754187412,0.7268614993646759,0.2325581395348837,0.28276152980877395,0.6,0.6048815506101939,0.0,1.0,0.0,0.4666666666666667,1.0,0.25
scn_0096,prt_0096_00,extended_run_001,alt_000,0.2857142857142857,0.75,0.0,0.009131736526946111,0.2583732057416268,0.0,0.315298236625251,0.0,0.25,0.0,0.26780952672433234,1.0,0.0,0.0,0.21750820048474473,0.3333333333333333,0.37701041555053894,0.2857142857142857,0.9333408782254413,0.8089453621346887,0.2325581395348837,0.31566366704161986,0.5,0.3247666905958364,0.0,1.0,0.0,0.19999999999999996,1.0,0.25
scn_0097,prt_0097_00,extended_run_001,alt_001,0.0,0.5,0.0,0.07335329341317365,0.25228360156589824,0.8571428571428572,0.2712522949489775,0.0,0.25,0.0,0.225814966850427,1.0,0.0,0.0,0.17353020383116047,0.3333333333333333,0.30160759348686306,0.0,0.8863739248528746,0.6140279542566709,0.2325581395348837,0.31425759280089993,0.4,0.3480258435032305,0.0,1.0,0.0,0.4666666666666667,1.0,0.25
scn_0098,prt_0098_00,extended_run_001,alt_002,1.0,0.25,0.0,0.21691616766467067,0.23618964767290127,0.5714285714285714,0.8426284104009223,0.0,0.0,0.0,0.7511977586578471,1.0,0.0,0.0,0.723733063736419,0.3333333333333333,0.14862942587002548,1.0,0.7820280669986419,0.39817026683608636,0.09302325581395343,0.31032058492688414,0.30000000000000004,0.5895190236898781,0.0,1.0,0.0,0.8,1.0,0.0
scn_0099,prt_0099_00,extended_run_001,alt_003,0.9285714285714286,0.0,0.0,0.3157185628742516,0.41061331013484126,0.2857142857142857,0.6854788437726826,0.0,0.0,0.0,0.5954285597693366,0.6666666666666667,0.0,0.0,0.5290030064765066,0.3333333333333333,0.0,0.9285714285714286,0.6619511090991399,0.18221092757306223,0.0,0.3526434195725535,0.19999999999999996,0.40330222541277827,0.0,0.6666666666666665,0.0,0.6,1.0,0.0
scn_0100,prt_0100_00,extended_run_001,alt_004,0.8571428571428572,1.0,1.0,0.42619760479041924,0.45367551109177906,0.1428571428571429,0.7546731565688913,0.0,0.0,0.0,0.6640141907461746,0.6666666666666667,0.0,0.0,0.6040942823968813,0.3333333333333333,0.40009901977809226,0.8571428571428572,0.5672249886826619,0.8610419313850063,0.0,0.36304836895388076,0.6,0.7211773151471643,0.0,0.6666666666666665,0.0,0.5333333333333333,0.0,0.0
scn_0101,prt_0101_00,extended_run_001,alt_005,0.7142857142857143,0.75,1.0,0.5595808383233534,0.4001739886907351,1.0,0.8090602450792025,0.0,0.0,0.0,0.7179244886013673,0.6666666666666667,0.0,0.0,0.6631168022745032,0.3333333333333333,0.31389639132025127,0.7142857142857143,0.4803078315980081,0.6503176620076238,0.0,0.35011248593925764,0.5,0.7989949748743719,0.0,0.6666666666666665,0.0,0.8666666666666667,0.0,0.0
scn_0102,prt_0102_00,extended_run_001,alt_006,0.5714285714285714,0.5,1.0,0.7691616766467065,0.6324488908220965,0.7142857142857143,0.600683147602579,0.25,0.0,0.0,0.5479428646484895,0.6666666666666667,0.0,0.0,0.47701325763428704,0.3333333333333333,0.2627940573354073,0.5714285714285714,0.2614305115436849,0.40060991105463784,0.06976744186046513,0.4063554555680541,0.4,0.5892318736539841,0.0,0.6666666666666665,0.0,0.6666666666666667,0.0,0.0
scn_0103,prt_0103_00,extended_run_001,alt_007,0.2857142857142857,0.25,1.0,0.9949101796407186,0.649412788168769,0.4285714285714286,0.3093463131377825,0.25,0.0,0.0,0.2732828087679632,0.6666666666666667,0.0,0.0,0.17630269611630334,0.3333333333333333,0.16614632019597053,0.2857142857142857,0.08635129017655047,0.16030495552731894,0.06976744186046513,0.4105736782902138,0.30000000000000004,0.2960516870064609,0.0,0.6666666666666665,0.0,0.4,0.0,0.0
scn_0104,prt_0104_00,extended_run_001,alt_008,0.0,0.0,1.0,0.01676646706586827,0.6415832970856894,0.1428571428571429,0.01946970667349812,0.25,0.0,0.0,0.0,0.6666666666666667,1.0,0.0,0.10598271165638751,0.3333333333333333,0.47604127794630013,0.0,0.8278632865550023,0.24858958068614978,0.41860465116279066,0.4086051743532058,0.5,0.0,1.0,0.6666666666666665,0.0,0.1333333333333333,0.0,0.75
scn_0105,prt_0105_00,extended_run_001,alt_009,1.0,1.0,0.75,0.07350299401197605,0.9343192692474989,0.4285714285714286,0.8834891763801717,0.25,1.0,0.5,0.882402225019224,0.6666666666666667,1.0,0.4714285714285714,0.9116974451571889,0.3333333333333333,0.9721414504919583,1.0,0.7088048890900861,0.9259466327827193,0.9767441860465116,0.4796119235095613,0.9,0.91356783919598,1.0,0.6666666666666665,0.4714285714285714,0.7333333333333334,0.0,1.0
scn_0106,prt_0106_00,extended_run_001,alt_010,0.9285714285714286,0.75,0.75,0.21796407185628747,0.9364941278816877,0.1428571428571429,0.7364843516502284,0.25,1.0,0.5,0.7649523765801679,0.6666666666666667,1.0,0.4714285714285714,0.8044554127614111,0.3333333333333333,0.8860903075155273,0.9285714285714286,0.5990267089180624,0.7086658195679797,0.9767441860465116,0.48017435320584934,0.8,0.7083991385498923,1.0,0.6666666666666665,0.4714285714285714,0.5333333333333333,0.0,1.0
scn_0107,prt_0107_00,extended_run_001,alt_011,0.8571428571428572,0.5,0.75,0.32260479041916174,0.9652022618529795,1.0,0.8338499637077836,0.25,1.0,0.5,0.8427426090926364,0.6666666666666667,1.0,0.4714285714285714,0.8754850757799841,0.3333333333333333,0.8062315954377006,0.8571428571428572,0.5124490719782707,0.5004828462515882,0.9767441860465116,0.48706411698537694,0.7,0.8252692031586504,1.0,0.6666666666666665,0.4714285714285714,0.9333333333333333,0.0,1.0
scn_0108,prt_0108_00,extended_run_001,alt_000,0.7142857142857143,0.25,0.75,0.41646706586826354,0.0,0.7142857142857143,0.6959993168523975,0.25,1.0,0.5,0.7326074730958603,0.6666666666666667,1.0,0.4714285714285714,0.7749215269898592,0.3333333333333333,0.6982926477814766,0.7142857142857143,0.6926210955183341,0.359135959339263,0.9767441860465116,0.2530933633295839,0.6,0.48370423546302954,1.0,0.6666666666666665,0.4714285714285714,0.7333333333333334,0.0,1.0
scn_0109,prt_0109_00,extended_run_001,alt_001,0.5714285714285714,0.0,0.75,0.5534431137724551,0.0,0.4285714285714286,0.501302250117416,0.25,1.0,0.5,0.5770550631046976,0.6666666666666667,1.0,0.4714285714285714,0.6328875860333494,0.3333333333333333,0.6131910601397361,0.5714285714285714,0.5890674513354459,0.14404066073697586,0.9767441860465116,0.2530933633295839,0.5,0.2485283560660445,1.0,0.6666666666666665,0.4714285714285714,0.5333333333333333,0.0,1.0
scn_0110,prt_0110_00,extended_run_001,alt_002,0.2857142857142857,1.0,0.5,0.747305389221557,0.037407568508046975,0.7142857142857143,0.5195935271764656,0.25,1.0,0.5,0.5916691852435623,0.33333333333333337,1.0,0.3714285714285714,0.6144502915973176,0.3333333333333333,0.7431656031893236,0.2857142857142857,0.4327750113173381,0.800559085133418,0.8837209302325582,0.2620922384701912,0.9,0.5955491744436469,1.0,0.3333333333333336,0.37142857142857133,0.5333333333333333,0.0,1.0
scn_0111,prt_0111_00,extended_run_001,alt_003,0.0,0.75,0.5,0.9982035928143713,0.15397999130056547,0.4285714285714286,0.22239016267452283,0.25,1.0,0.5,0.35421903074959227,0.33333333333333337,1.0,0.3714285714285714,0.3863344385040902,0.3333333333333333,0.6460671043734967,0.0,0.2127659574468085,0.5470393900889453,0.8837209302325582,0.2903543307086614,0.8,0.3132806891600862,1.0,0.3333333333333336,0.37142857142857133,0.2666666666666667,0.0,1.0
scn_0112,prt_0112_00,extended_run_001,alt_004,1.0,0.5,0.5,0.011826347305389218,0.1135276207046542,0.1428571428571429,0.7952008880918834,0.25,0.75,0.5,0.7917296310890583,0.33333333333333337,1.0,0.3714285714285714,0.8066473592893944,0.3333333333333333,0.6457530491071592,1.0,0.9689904934359439,0.6396442185514613,0.7441860465116279,0.2806524184476941,0.7,0.552045944005743,1.0,0.3333333333333336,0.37142857142857133,0.6,0.0,1.0
scn_0113,prt_0113_00,extended_run_001,alt_005,0.9285714285714286,0.25,0.5,0.09580838323353294,0.08916920400173989,1.0,0.8956919004312369,0.25,0.75,0.5,0.8756294848203139,0.33333333333333337,1.0,0.3714285714285714,0.8872505088053119,0.3333333333333333,0.567120999951968,0.9285714285714286,0.9118379357175193,0.44050825921219816,0.7441860465116279,0.27474690663667045,0.6,0.6630294328786791,1.0,0.3333333333333336,0.37142857142857133,0.9333333333333333,0.0,1.0
scn_0114,prt_0114_00,extended_run_001,alt_006,0.8571428571428572,0.0,0.5,0.20389221556886233,0.2670726402783819,0.7142857142857143,0.7383373895222236,0.25,0.75,0.5,0.7442541377986744,0.33333333333333337,1.0,0.3714285714285714,0.7610380952801409,0.6666666666666666,0.5355676826046636,0.8571428571428572,0.7838388411045721,0.22180432020330365,0.7441860465116279,0.5710067491563555,0.4,0.47724335965542,1.0,0.3333333333333336,0.37142857142857133,0.7333333333333334,0.0,1.0
scn_0115,prt_0115_00,extended_run_001,alt_007,0.7142857142857143,1.0,0.25,0.29910179640718565,0.28447150935189214,1.0,0.8534477605567653,0.25,0.75,0.5,0.8403592064506173,0.33333333333333337,1.0,0.3714285714285714,0.8533669446516946,0.6666666666666666,0.7522362582347137,0.7142857142857143,0.7073336351290176,0.9064294790343075,0.7441860465116279,0.5752249718785153,0.8,0.881981335247667,1.0,0.3333333333333336,0.37142857142857133,0.8,1.0,1.0
scn_0116,prt_0116_00,extended_run_001,alt_008,0.5714285714285714,0.75,0.25,0.4362275449101797,0.23227490213136148,0.7142857142857143,0.661824858033389,0.25,0.75,0.5,0.6803741011230939,0.33333333333333337,1.0,0.3714285714285714,0.699669110992402,0.6666666666666666,0.6655643942612866,0.5714285714285714,0.617247623358986,0.6946378653113088,0.7441860465116279,0.5625703037120361,0.7,0.64091888011486,1.0,0.3333333333333336,0.37142857142857133,0.6,1.0,1.0
scn_0117,prt_0117_00,extended_run_001,alt_009,0.2857142857142857,0.5,0.25,0.5546407185628743,0.4006089604175729,0.4285714285714286,0.36157294735493795,0.25,0.75,0.5,0.4296947229756699,0.33333333333333337,0.6666666666666667,0.29999999999999993,0.4085805987347193,0.6666666666666666,0.5067041562443423,0.2857142857142857,0.48392937980986866,0.47374841168996173,0.627906976744186,0.6033464566929133,0.5,0.3643933955491745,0.6667000000000001,0.3333333333333336,0.29999999999999993,0.33333333333333337,1.0,1.0
scn_0118,prt_0118_00,extended_run_001,alt_010,0.0,0.25,0.25,0.7747005988023953,0.4140930839495433,0.1428571428571429,0.0704410571709152,0.25,0.75,0.5,0.18662846081158102,0.33333333333333337,0.6666666666666667,0.29999999999999993,0.16034320629020227,0.6666666666666666,0.4107288668516512,0.0,0.31405613399728377,0.23522236340533653,0.627906976744186,0.6065804274465693,0.4,0.07063890882986368,0.6667000000000001,0.3333333333333336,0.29999999999999993,0.06666666666666665,1.0,1.0
scn_0119,prt_0119_00,extended_run_001,alt_011,1.0,0.0,0.25,0.9763473053892217,0.4541104828186168,1.0,0.8844455830237821,0.5,0.5,0.5,0.8703882944197263,0.33333333333333337,0.6666666666666667,0.29999999999999993,0.8586525599198273,0.6666666666666666,0.28848008335396236,1.0,0.1511996378451788,0.0,0.5581395348837209,0.6162823397075367,0.30000000000000004,0.637473079684135,0.6667000000000001,0.3333333333333336,0.29999999999999993,0.9333333333333333,1.0,1.0
scn_0120,prt_0120_00,extended_run_001,alt_000,0.9285714285714286,1.0,0.0,0.026197604790419167,0.6398434101783385,0.1428571428571429,0.7915289697280219,0.5,0.5,0.5,0.7936309972416801,0.33333333333333337,0.6666666666666667,0.29999999999999993,0.7802612235167388,0.6666666666666666,0.6520563230409417,0.9285714285714286,0.8211860570393843,0.957712833545108,0.5581395348837209,0.6612767154105736,0.7,0.7715721464465183,0.6667000000000001,0.3333333333333336,0.29999999999999993,0.4666666666666667,1.0,1.0
scn_0121,prt_0121_00,extended_run_001,alt_001,0.8571428571428572,0.75,0.0,0.08083832335329343,0.6555023923444976,1.0,0.8896631228384784,0.5,0.5,0.5,0.8746972925617179,0.0,0.6666666666666667,0.19999999999999998,0.8447459505277889,0.6666666666666666,0.5047052868433013,0.8571428571428572,0.7758035310095065,0.7639644218551461,0.4651162790697675,0.6650731158605174,0.6,0.8868628858578608,0.6667000000000001,0.0,0.20000000000000007,0.8666666666666667,1.0,1.0
scn_0122,prt_0122_00,extended_run_001,alt_002,0.7142857142857143,0.5,0.0,0.19505988023952098,0.6220095693779903,0.7142857142857143,0.6969386448059434,0.5,0.5,0.5,0.7154900768070311,0.0,0.6666666666666667,0.19999999999999998,0.6745720958364052,0.6666666666666666,0.4216986325664226,0.7142857142857143,0.6981665912177456,0.5572045743329097,0.4651162790697675,0.6569178852643419,0.5,0.6479540559942569,0.6667000000000001,0.0,0.20000000000000007,0.6666666666666667,1.0,1.0
scn_0123,prt_0123_00,extended_run_001,alt_003,0.5714285714285714,0.25,0.0,0.315119760479042,0.9878207916485429,0.4285714285714286,0.48069681055463054,0.5,0.5,0.5,0.536856025392356,0.0,0.6666666666666667,0.19999999999999998,0.4836332451845605,0.6666666666666666,0.3497688922716541,0.5714285714285714,0.5122227252150293,0.3232020330368488,0.4651162790697675,0.7456411698537684,0.4,0.4528356066044509,0.6667000000000001,0.0,0.20000000000000007,0.4666666666666667,1.0,1.0
scn_0124,prt_0124_00,extended_run_001,alt_004,0.2857142857142857,0.0,0.0,0.4404191616766468,0.982166159199652,0.1428571428571429,0.19069211391486285,0.5,0.5,0.5,0.2972864406196082,0.0,0.6666666666666667,0.19999999999999998,0.22756179611586191,0.6666666666666666,0.2660897902480297,0.2857142857142857,0.41896785875961967,0.11161372299872929,0.4651162790697675,0.7443757030371204,0.30000000000000004,0.15707106963388373,0.6667000000000001,0.0,0.20000000000000007,0.19999999999999996,1.0,1.0
scn_0125,prt_0125_00,extended_run_001,alt_005,0.0,1.0,1.0,0.5561377245508983,0.9160504567203133,0.0,0.1228555569787797,0.5,0.5,0.5,0.2412477858839821,0.0,0.6666666666666667,0.19999999999999998,0.16766293910670993,0.6666666666666666,0.6622280189024321,0.0,0.3486871887732005,0.7959847522236341,0.4651162790697675,0.7283464566929134,0.7,0.37315147164393403,0.6667000000000001,0.0,0.20000000000000007,0.0,0.0,1.0
scn_0126,prt_0126_00,extended_run_001,alt_006,1.0,0.75,1.0,0.7489520958083833,0.02566333188342758,0.8571428571428572,0.9916570599035054,0.5,0.25,0.5,0.9465538854308935,0.0,0.6666666666666667,0.19999999999999998,0.9215523749398484,0.6666666666666666,0.4765733245151541,1.0,0.4345857854232684,0.6229733163913596,0.32558139534883723,0.5123734533183352,0.6,0.8376166547020818,0.6667000000000001,0.0,0.20000000000000007,0.8666666666666667,0.0,0.75
scn_0127,prt_0127_00,extended_run_001,alt_007,0.9285714285714286,0.5,1.0,0.9872754491017964,0.0,0.5714285714285714,0.8462917894197515,0.5,0.25,0.5,0.8215125998982367,0.0,0.6666666666666667,0.19999999999999998,0.7878966142924626,0.6666666666666666,0.3769512992651106,0.9285714285714286,0.2610909913988229,0.3820076238881829,0.32558139534883723,0.5061867266591676,0.5,0.629289303661163,0.6667000000000001,0.0,0.20000000000000007,0.6666666666666667,0.0,0.75
scn_0128,prt_0128_00,extended_run_001,alt_008,0.8571428571428572,0.25,1.0,0.026347305389221556,0.011744236624619401,0.2857142857142857,0.6987233679176807,0.5,0.25,0.5,0.6945750491281899,0.0,0.6666666666666667,0.19999999999999998,0.6522155656899664,0.6666666666666666,0.4412365649004444,0.8571428571428572,0.9844952467179718,0.4643456162642947,0.32558139534883723,0.5089988751406075,0.4,0.42526920315865047,0.6667000000000001,0.0,0.20000000000000007,0.5333333333333333,0.0,0.75
scn_0129,prt_0129_00,extended_run_001,alt_009,0.7142857142857143,0.0,1.0,0.08802395209580839,0.1418007829491083,0.0,0.4963665086887836,0.5,0.25,0.5,0.520508867303516,0.0,0.6666666666666667,0.19999999999999998,0.46616058381270664,0.6666666666666666,0.3702268217976523,0.7142857142857143,0.9040289723856949,0.2613468869123252,0.32558139534883723,0.5404949381327334,0.30000000000000004,0.20430725053840648,0.6667000000000001,0.0,0.20000000000000007,0.33333333333333337,0.0,0.75
scn_0130,prt_0130_00,extended_run_001,alt_010,0.5714285714285714,1.0,0.75,0.2008982035928144,0.1661591996520226,0.2857142857142857,0.611066991161778,0.5,0.25,0.5,0.619173320172972,0.0,0.33333333333333337,0.12857142857142856,0.5328394647500563,0.6666666666666666,0.5034195076352377,0.5714285714285714,0.8123585332729741,0.9406861499364676,0.2093023255813954,0.546400449943757,0.6,0.6097631012203876,0.33330000000000004,0.0,0.12857142857142867,0.4,0.0,0.5
scn_0131,prt_0131_00,extended_run_001,alt_011,0.2857142857142857,0.75,0.75,0.32440119760479047,0.13875598086124402,0.0,0.3223431962768457,0.5,0.25,0.5,0.3708161336847863,0.0,0.33333333333333337,0.12857142857142856,0.2523277015244292,0.6666666666666666,0.41933398114929443,0.2857142857142857,0.7261204164780444,0.7310292249047012,0.2093023255813954,0.5397919010123735,0.5,0.31155778894472375,0.33330000000000004,0.0,0.12857142857142867,0.1333333333333333,0.0,0.5
scn_0132,prt_0132_00,extended_run_001,alt_000,0.0,0.5,0.75,0.44416167664670664,0.25793823401478905,0.8571428571428572,0.2709192604927204,0.5,0.25,0.5,0.32658099679535,1.0,0.33333333333333337,0.42857142857142855,0.33556427723156934,0.6666666666666666,0.5618005342634296,0.0,0.604572204617474,0.5129351969504448,0.4883720930232559,0.5687570303712036,0.4,0.348600143575018,0.33330000000000004,1.0,0.4285714285714286,0.4,0.0,0.5
scn_0133,prt_0133_00,extended_run_001,alt_001,1.0,0.25,0.75,0.5691616766467066,0.2653327533710309,0.5714285714285714,0.8409120020494428,0.5,0.0,0.25,0.7993440223012014,1.0,0.33333333333333337,0.14285714285714285,0.8020195487194882,1.0,0.45637772350574346,1.0,0.5081484834766863,0.30063532401524773,0.34883720930232565,0.8236782902137233,0.19999999999999996,0.5926776740847093,0.33330000000000004,1.0,0.1428571428571429,0.6666666666666667,0.0,0.25
scn_0134,prt_0134_00,extended_run_001,alt_002,0.9285714285714286,0.0,0.75,0.7465568862275449,0.24532405393649412,0.2857142857142857,0.6952136971094318,0.5,0.0,0.25,0.669046243622262,1.0,0.33333333333333337,0.14285714285714285,0.6734606707842004,1.0,0.36519454800057627,0.9285714285714286,0.3792440018107741,0.07583227445997465,0.34883720930232565,0.8187570303712035,0.09999999999999998,0.3850681981335248,0.33330000000000004,1.0,0.1428571428571429,0.4666666666666667,0.0,0.25
scn_0135,prt_0135_00,extended_run_001,alt_003,0.8571428571428572,1.0,0.5,0.991317365269461,0.4171378860374076,0.5714285714285714,0.8490499978651638,0.5,0.0,0.25,0.8066217531080514,1.0,0.33333333333333337,0.14285714285714285,0.8092002154420757,1.0,0.566152970778081,0.8571428571428572,0.14950203712086915,0.7098856416772554,0.34883720930232565,0.860376827896513,0.5,0.8367552045944006,0.33330000000000004,1.0,0.1428571428571429,0.6,0.0,0.25
scn_0136,prt_0136_00,extended_run_001,alt_004,0.7142857142857143,0.75,0.5,0.01377245508982036,0.468029578077425,0.2857142857142857,0.6513556210238676,0.75,0.0,0.5,0.6639338513312751,1.0,0.33333333333333337,0.42857142857142855,0.6684167656316912,1.0,0.6708072698252006,0.7142857142857143,0.8752829334540516,0.7942058449809403,0.41860465116279066,0.8727502812148482,0.4,0.607035175879397,0.33330000000000004,1.0,0.4285714285714286,0.4,0.0,0.25
scn_0137,prt_0137_00,extended_run_001,alt_005,0.5714285714285714,0.5,0.5,0.08982035928143714,0.45280556763810353,0.0,0.4575551855172709,0.75,0.0,0.5,0.5000095642160596,1.0,0.33333333333333337,0.42857142857142855,0.5066795873048108,1.0,0.5935238109313401,0.5714285714285714,0.8217519239474876,0.5966454891994917,0.41860465116279066,0.8690944881889764,0.30000000000000004,0.37013639626704953,0.33330000000000004,1.0,0.4285714285714286,0.19999999999999996,0.0,0.25
scn_0138,prt_0138_00,extended_run_001,alt_006,0.2857142857142857,0.25,0.5,0.2164670658682635,0.6146150500217487,0.8571428571428572,0.4036206822936682,0.75,0.0,0.5,0.4543908040700202,1.0,0.33333333333333337,0.42857142857142855,0.46166852823924664,1.0,0.5146368227952396,0.2857142857142857,0.6839067451335447,0.37397712833545105,0.41860465116279066,0.908323959505062,0.19999999999999996,0.41177315147164406,0.33330000000000004,1.0,0.4285714285714286,0.4666666666666667,0.0,0.25
scn_0139,prt_0139_00,extended_run_001,alt_007,0.0,0.0,0.5,0.3131736526946108,0.6533275337103088,0.5714285714285714,0.11100294607403627,0.75,0.0,0.5,0.2068829199679152,1.0,0.33333333333333337,0.42857142857142855,0.21746294881926254,1.0,0.43615625912145795,0.0,0.6007243096423721,0.16731893265565423,0.41860465116279066,0.9177446569178853,0.09999999999999998,0.12089016511127071,0.33330000000000004,1.0,0.4285714285714286,0.19999999999999996,0.0,0.25
scn_0140,prt_0140_00,extended_run_001,alt_008,1.0,1.0,0.25,0.42619760479041924,0.6324488908220965,0.8571428571428572,0.9934930190854362,0.75,1.0,1.0,1.0,1.0,0.33333333333333337,1.0,1.0,1.0,0.9152900577492213,1.0,0.5207107288365777,0.8495044472681067,0.9767441860465116,0.9126827896512937,0.5,1.0,0.33330000000000004,1.0,1.0,0.8,1.0,1.0
scn_0141,prt_0141_00,extended_run_001,alt_009,0.9285714285714286,0.75,0.25,0.5523952095808384,0.9773814702044368,0.5714285714285714,0.826301182699287,0.75,1.0,1.0,0.8801552718596535,1.0,0.33333333333333337,1.0,0.8817540869979824,1.0,0.8419082736936224,0.9285714285714286,0.33555907650520594,0.6151969504447268,0.9767441860465116,0.9962035995500563,0.4,0.8325915290739412,0.33330000000000004,1.0,1.0,0.6,1.0,1.0
scn_0142,prt_0142_00,extended_run_001,alt_010,0.8571428571428572,0.5,0.25,0.7697604790419162,0.916485428447151,0.2857142857142857,0.6830109730583664,0.75,1.0,1.0,0.7774432427538311,1.0,0.33333333333333337,1.0,0.7804124303013982,1.0,0.7440856003813,0.8571428571428572,0.18707559981892258,0.38216010165184244,0.9767441860465116,0.9814398200224972,0.30000000000000004,0.6205312275664034,0.33330000000000004,1.0,1.0,0.4666666666666667,1.0,1.0
scn_0143,prt_0143_00,extended_run_001,alt_011,0.7142857142857143,0.25,0.25,0.9814371257485031,0.9652022618529795,0.0,0.4854446863925538,0.75,1.0,1.0,0.6358252579469071,0.6666666666666667,0.0,0.8285714285714285,0.573231542838979,1.0,0.49511366953257485,0.7142857142857143,0.01437301946582164,0.14368487928843698,0.7674418604651163,0.9932508436445445,0.09999999999999998,0.3905240488155062,0.0,0.6666666666666665,0.8285714285714285,0.2666666666666667,1.0,1.0
scn_0144,prt_0144_00,extended_run_001,alt_000,0.5714285714285714,0.0,0.25,0.02110778443113773,0.023923444976076555,0.8571428571428572,0.5921181845352463,0.75,1.0,1.0,0.7122905277279376,0.6666666666666667,0.0,0.8285714285714285,0.65694933137905,1.0,0.5309861704839776,0.5714285714285714,0.9852874603893165,0.287115628970775,0.7674418604651163,0.7650449943757032,0.0,0.37071069633883713,0.0,0.6666666666666665,0.8285714285714285,0.6,1.0,1.0
scn_0145,prt_0145_00,extended_run_001,alt_001,0.2857142857142857,1.0,0.0,0.08607784431137726,0.03653762505437146,0.0,0.36593655266641045,0.75,1.0,1.0,0.5501604875454779,0.6666666666666667,0.0,0.8285714285714285,0.4794424994812614,1.0,0.7516155372377176,0.2857142857142857,0.9328881846989587,0.9802287166454893,0.7674418604651163,0.7681383577052869,0.4,0.3961234745154344,0.0,0.6666666666666665,0.8285714285714285,0.06666666666666665,1.0,1.0
scn_0146,prt_0146_00,extended_run_001,alt_002,0.0,0.75,0.0,0.19955089820359284,0.0,0.8571428571428572,0.32368387344690686,0.75,1.0,1.0,0.5198738033571674,0.6666666666666667,0.0,0.8285714285714285,0.4462818582761984,1.0,0.6686199672643569,0.0,0.8566093254866455,0.7738246505717916,0.7674418604651163,0.7592800899887514,0.30000000000000004,0.41593682699210344,0.0,0.6666666666666665,0.8285714285714285,0.33333333333333337,1.0,1.0
scn_0147,prt_0147_00,extended_run_001,alt_003,1.0,0.5,0.0,0.3254491017964072,0.15832970856894305,0.5714285714285714,0.8847871568250716,0.75,0.75,1.0,0.9069044713347693,0.6666666666666667,0.0,0.8285714285714285,0.8700206612482395,1.0,0.5232271580215258,1.0,0.720235400633771,0.5515628970775095,0.627906976744186,0.7976659167604051,0.19999999999999996,0.6766690595836324,0.0,0.6666666666666665,0.8285714285714285,0.6666666666666667,1.0,0.75
scn_0148,prt_0148_00,extended_run_001,alt_004,0.9285714285714286,0.25,0.0,0.44071856287425154,0.1605045672031318,0.2857142857142857,0.7377823320951283,0.75,0.75,1.0,0.796787188541304,0.6666666666666667,0.0,0.8285714285714285,0.7494602911116899,1.0,0.44113680616878437,0.9285714285714286,0.6325260298777727,0.3422617534942821,0.627906976744186,0.7982283464566929,0.09999999999999998,0.47150035893754494,0.0,0.6666666666666665,0.8285714285714285,0.4666666666666667,1.0,0.75
scn_0149,prt_0149_00,extended_run_001,alt_005,0.8571428571428572,0.0,0.0,0.5711077844311377,0.11135276207046543,0.0,0.5938004355065967,0.75,0.75,1.0,0.6889347121107204,0.6666666666666667,0.0,0.8285714285714285,0.631378829284229,1.0,0.3554699190476366,0.8571428571428572,0.5467406066093254,0.13209656925031765,0.627906976744186,0.7862767154105738,0.0,0.2607322325915292,0.0,0.6666666666666665,0.8285714285714285,0.33333333333333337,1.0,0.75
